Title,Authors,Year,URL,Country,Dimension,Array type,Reciprocal data measured?,Software,Objective function norms,Convergence criteria,Data fit included?,Data misfit metric,Data misfit values,Model sensitivity metric,Forward modelling used?,Time-lapse presented?,
Thermokarst lake to lagoon transitions in Eastern Siberia: Do submerged taliks refreeze?,﻿Angelopoulos et al.,2020,https://doi.org/10.1029/2019JF005424,RUS,2D,Other,No,﻿Aarhus Workbench,Other,Not specified,No,n/a,n/a,Not specified,No,No,
﻿Heat and salt flow in subsea permafrost modeled with CryoGRID2,﻿Angelopoulos et al.,2019,﻿https://doi.org/10.1029/2018JF004823 ,RUS,2D,Other,No,RES2DINV,"L1 data, unknown model",Not specified,Yes,Absolute error,3.8,Not specified,No,No,
﻿Exploring the capabilities of electrical resistivity tomography to study subsea permafrost,﻿Arboleda-Zapata et al.,2022,﻿https://doi.org/10.5194/tc-16-4423-2022,"USA, RUS",2D,Other,No,Not specified,Other,Not specified,No,n/a,n/a,Not specified,No,No,
"﻿Shallow permafrost at the Crystal site of Peaceful Underground Nuclear Explosion (Yakutia, Russia): Evidence from electrical resistivity tomography",﻿Artamonova et al.,2022,﻿https://doi.org/10.3390/en15010301,RUS,2D,"Pole-dipole (other), dipole-dipole",No,RES2DINV,L1,Not specified,No,n/a,n/a,Not specified,Yes,No,
"﻿Geophysical investigations on Por-Bajin island, Tuva (Russia)",﻿Arzhantseva et al. ,2009,﻿https://doi.org/10.4000/archeosciences.1182,RUS,2D,Not specified,No,Not specified,Not specified,Not specified,No,n/a,n/a,Not specified,No,No,
"Imaging buried massive ice in Victoria valley, Antarctica, with multi-electrode electrical resistivity and ground penetrating radar ",﻿Bannister et al.,2019,https://doi.org/10.1190/segam2019-3206017.1,ATA,2D,Not specified,No,RES2DINV,L1,Not specified,Yes,RMS,﻿14.6,Not specified,No,No,
﻿Objective interpretation of induced polarization tomography using a quantitative approach for the investigation of periglacial environments,﻿Banville et al.,2016,https://doi.org/10.1016/j.jappgeo.2016.04.019,CAN,2D,Dipole-dipole,No,﻿RES2DINV,L1,Convergence of data misfit (<5% change) or 7 iterations,Yes,Absolute error,"﻿6.56, 4.21",Model resolution matrix,YES,No,
﻿Current land and waterborne geophysical methods for guiding horizontal directional drilling and trenching along pipeline right-of-ways,﻿Bauman et al.,2016,https://doi.org/10.1115/IPC2016-64090,CAN,2D,Not specified,No,Not specified,Not specified,Not specified,No,n/a,n/a,Not specified,No,No,
"Resistivity and Induced Polarization (ERT/IP) survey for bedrock mapping in Permafrost, Svalbard",﻿Bazin et al.,2019,https://doi.org/10.3997/2214-4609.201902362,NOR,2D,Multigradient (other),No,RES2DINV,L1,Not specified,No,n/a,n/a,Not specified,No,No,
"﻿Permafrost patch size in the sporadic discontinuous and isolated patches permafrost zones, southern Yukon and northern B.C.","﻿Bellehumeur-Génier and
Lewkowicz",2015,https://members.cgs.ca/documents/conference2015/GeoQuebec/papers/160.pdf,CAN,2D,Wenner-A,No,RES2DINV,L1,Data fit achieved (<5% error) or 5 iterations,Yes,Absolute error,"4.8, 4.9, 4.1, 4.4, 2.1, 2.5, 6.6, 3.5",Not specified,No,No,
"﻿A comparison of frequency domain electro-magnetometry, electrical resistivity tomography and borehole temperatures to assess the presence of ice in a rock glacier",﻿Boaga et al.,2020,https://doi.org/10.3389/feart.2020.586430,CHE,2D,"Wenner-Schlumberger, dipole-dipole",Yes,R2,Not specified,Data fit achieved (<5% error),No,n/a,n/a,Not specified,No,No,
"﻿Delineation of underbed talik in the Lena River Delta with the use of geophysics - results of GPR, TEM and ERT measurements",﻿Bobrov et al.,2018,https://pure.spbu.ru/ws/portalfiles/portal/35263082/ba75d7_e2173945577b4b228e318f672dff8151.pdf#page=67,RUS,2D,"Dipole-dipole, Wenner-Schlumberger",No,﻿ZondRes2D,Not specified,Not specified,No,n/a,n/a,Not specified,No,No,
﻿The 2006 Collapse of the Bérard Rock Glacier (Southern French Alps),﻿Bodin et al.,2017,https://doi.org/10.1002/ppp.1887,FRA,2D,Wenner-A,No,RES2DINV,Not specified,Not specified,Yes,RMS,"6.9, 6.3",Not specified,No,No,
"﻿Two decades of responses (1986–2006) to climate by the Laurichard Rock Glacier, French Alps",﻿Bodin et al.,2009,https://doi.org/10.1002/ppp.665,FRA,2D,Pole-dipole (other),No,Not specified,Not specified,Not specified,Yes,R-squared,"0.697, 0.535",Not specified,No,No,
﻿Radar sounding of temperate permafrost in Alaska: Analogy to the Martian midlatitude to high-latitude ice-rich terrains,﻿Boisson et al.,2011,https://doi.org/10.1029/2010JE003768,USA,2D,Wenner-A,No,Not specified,L2,Not specified,Yes,RMS,4.66,Not specified,No,No,
﻿Geomorphological map of the Val Viola Pass (Italy-Switzerland),﻿Bollati et al.,2018,https://dx.doi.org/10.4461/GFDQ.2018.41.16,"ITA, CHE",2D,Wenner-A,No,RES2DINV,Not specified,Not specified,Yes,Absolute error,2.6,Not specified,No,No,
﻿The influence of ground ice distribution on geomorphic dynamics since the Little Ice Age in proglacial areas of two cirque glacier systems,﻿Bosson et al.,2015,https://doi.org/10.1002/esp.3666,FRA,2D,Wenner-Schlumberger,No,RES2DINV,L1,Not specified,Yes,Absolute error,"5.1, 6.4, 6.1, 4.1, 1.8, 7.3",﻿Model resolution matrix (0.05 and 0.005),No,No,
Internal structure and current evolution of very small debris-covered glacier systems located in alpine permafrost environments,﻿Bosson et al.,2016,https://doi.org/10.3389/feart.2016.00039,"CHE, FRA",2D,Wenner-Schlumberger,No,RES2DINV,L1,Not specified,Yes,Absolute error,"5.1, 4.7, 6.4, 5.4, 7.2, 9.2, 7.6, 8.7, 7.9, 8.8, 3.9, 7.7, 2.5, 4.5, 7.5",Model resolution matrix (﻿0.05 and ﻿0.005),No,No,
"﻿Engineering geology, electrical resistivity tomography and displacement monitoring of the Dawson City landslide,Yukon",﻿Brideau et al.,2015,https://geocalgary2022.ca/wp-content/uploads/papers/91.pdf,CAN,2D,Wenner-A,No,RES2DINV,L1,Not specified,Yes,Absolute error,7.3,Not specified,No,No,
Surface geophysical methods for characterising frozen ground in transitional permafrost landscapes,﻿Briggs et al.,2017,https://doi.org/10.1002/ppp.1893,USA,2D,Wenner-A,Yes,﻿R2,Not specified,Not specified,No,n/a,n/a,Model sensitivity,yes,No,
"﻿New permafrost is forming around shrinking Arctic lakes, but will it last?",﻿Briggs et al.,2014,https://doi.org/10.1002/2014GL059251,USA,2D,Not specified,No,Not specified,Not specified,Not specified,No,n/a,n/a,Not specified,No,No,
﻿Identifying mountain permafrost degradation by repeating historical ERT measurements [PREPRINT],﻿Buckel et al.,2022,https://doi.org/10.5194/tc-2022-207,"CHE, AUT",2D,Wenner-A,No,RES2DINV,L2,Not specified,Yes,RMS,"10.8, 7.1, 14.7, 10.6, 16.3, 7.3, 8.3, 7.9, 3.2, 5.3, 3.8, 8.7",Not specified,No,Yes,
"Insights into a remote cryosphere: A multi-method approach to assess permafrost occurrence at the Qugaqie basin, western Nyainqêntanglha Range, Tibetan Plateau",﻿Buckel et al.,2021,﻿https://doi.org/10.5194/tc-15-149-2021,CHN,2D,Wenner-A,No,RES2DINV,Not specified,Not specified,Yes,Absolute error,"1.6, 1.4, 3.3, 6.4",Not specified,No,No,
"﻿Rock glacier characteristics under semiarid climate conditions in the Western Nyainqêntanglha Range, Tibetan Plateau",﻿Buckel et al.,2022,﻿https://doi.org/10.1029/2021JF006256,CHN,2D,Wenner-A,No,RES2DINV,L2,Not specified,Yes,Absolute error,"19.9, 6.4, 5.98, 20.9, 3.3",Not specified,No,No,
"﻿Near-surface geophysical imaging of a thermokarst pond in the discontinuous permafrost zone in Nunavik (Québec), Canada",﻿Bussière et al.,2022,https://doi.org/10.1002/ppp.2166,CAN,2D,"Wenner-A, dipole-dipole, combined",Yes,RES2DINV,"L1 model, L2 data ",Convergence of data misfit (<5% change),Yes,RMS,"﻿9.5, 11.0, 10.8, ﻿9.7,
11.0, 10.4,﻿8.9, 7.0, 7.7,﻿8.6, 8.7, 8.5",DOI,No,No,
﻿A practical guide to permafrost vulnerability for Yukon’s North Alaska Highway,﻿Calmels et al.,2015,https://members.cgs.ca/documents/conference2015/GeoQuebec/papers/349.pdf,CAN,2D,Not specified,No,RES2DINV,Not specified,Not specified,Yes,Absolute error,5.2,Not specified,No,No,
"﻿The impact of recent glacier fluctuation and human activities on permafrost distribution, Stelvio Pass (Italian Central-Eastern Alps)",﻿Cannone et al.,2003,https://www.arlis.org/docs/vol1/ICOP/55700698/Pdf/Chapter_023.pdf,ITA,2D,Not specified,No,Not specified,Not specified,Not specified,Yes,RMS,"2.7, 6.2",Not specified,No,No,
Differential response to rainfall of soil moisture infiltration in permafrost and seasonally frozen ground in Kangqiong small basin on the Qinghai-Tibet Plateau,﻿Cao et al.,2021,﻿https://doi.org/10.1080/02626667.2021.1883619,CHN,2D,Wenner-Schlumberger,No,Not specified,Not specified,Not specified,Yes,RMS,"3.80, 4.29",Not specified,No,No,
﻿Hydrogeological characterization of an alpine aquifer system in the Canadian Rocky Mountains,﻿Christensen et al.,2020,﻿https://doi.org/10.1007/s10040-020-02153-7,CAN,2D,Dipole-dipole,No,RES2DINV,L1,Not specified,Yes,Absolute error,"6.2, 4.8, 3.2, 3.3, 4.8, 9.9, 9.5",Not specified,No,No,
﻿Mechanisms linking active rock glaciers and impounded surface water formation in high-mountain areas,﻿Colombo et al.,2018,https://doi.org/10.1002/esp.4257,ITA,2D,Wenner-Schlumberger,No,RES2DINV,Not specified,Not specified,Yes,RMS,"2.14, 1.42, 2.23, 1.13, 1.32, 1.04, 0.73, 1.12, 1.07",Not specified,No,No,
﻿Is that a relict rock glacier?,﻿Colucci et al.,2019,https://doi.org/10.1016/j.geomorph.2019.02.002,ITA,2D,"Wenner-A, Wenner-Schlumberger","No (they use the word reciprocal, but it sounds like they mean stacked)",RES2DINV,Not specified,Convergence of data misfit (<5% change),Yes,RMS,"9.9, 6.9",Not specified,No,No,
Permafrost mapping with electrical resistivity tomography: a case study in two wetland systems in interior Alaska,﻿Conaway et al.,2020,https://doi.org/10.2113/JEEG19-091,USA,2D,"Dipole-dipole, Wenner-Schlumberger",No,"﻿AGI EarthImager
2D",L1,Not specified,Yes,RMS,"6.6, 4.4, 4.7, 5.6, 5.0, 5.0, 11.9, 9.6, 19.0, 4.9, 8.8, 4.9, 7.6, 8.9, 5.0",Relative model sensitivity,No,Yes,
"﻿Results of geoelectrical surveys in the area of crater 70, Deception Island, Maritime Antarctica",﻿Correia and Vieira,2015,https://doi.org/10.3997/2214-4609.201414156,ATA,2D,Wenner-A,No,RES2DINV,Not specified,Not specified,Yes,RMS,"1.1, 2.2 ",Not specified,No,No,
"﻿Evaluation of frozen ground conditions along a coastal topographic gradient at Byers Peninsula (Livingston Island, Antarctica) by geophysical and geoecological methods",﻿Correia et al.,2017,https://doi.org/10.1016/j.catena.2016.08.006,ATA,2D,Not specified,No,﻿EarthImager,Not specified,Not specified,Yes,RMS,2.79,Not specified,No,No,
Geophysical estimation of shallow permafrost distribution and properties in an ice-wedge polygon-dominated Arctic tundra region,﻿Dafflon et al.,2016,https://doi.org/10.1190/geo2015-0175.1,USA,"2D, pseudo 3D",Dipole-dipole,No,﻿CRTomo,L2,Not specified,Yes,Absolute error,10,Not specified,No,No,
"Coincident aboveground and belowground autonomous monitoring to quantify covariability in permafrost, soil, and vegetation properties in Arctic tundra",﻿Dafflon et al.,2017,https://doi.org/10.1002/2016JG003724,USA,2D,"Dipole-dipole, Wenner-Schlumberger",Yes,﻿CRTomo,L2,Not specified,Yes,Absolute error,"4.15, 4.25, 4.2, 4.06, 7.18, 8.99, 11.76, 6.83, 4.79, 4.35, 4.05, 4.14",Not specified,No,Yes,
﻿Geophysical study on moraine dam of Imja Glacial Lake in Eastern Nepal using electrical resistivity tomography method,﻿Dahal et al.,2018,https://doi.org/10.3126/jngs.v55i1.22784,NPL,2D,Dipole-dipole,No,RES2DINV,L2,Not specified,Yes,Absolute error,"22.0, 35.1, 6.2, 23.6, 31.6",Not specified,No,No,
﻿Contrasting geophysical signatures of a relict and an intact Andean rock glacier,﻿De Pasquale et al.,2022,﻿https://doi.org/10.5194/tc-16-1579-2022,CHL,2D,Wenner-Schlumberger,No,﻿pyGIMLi,L2,Not specified,Yes,chi2,"﻿1.43, 1.49 ",Coverage,Yes,No,
"﻿Thermal anomaly in a cold scree slope (Creux du Van, Switzerland)",﻿Delaloye et al.,2003,https://www.arlis.org/docs/vol1/ICOP/55700698/Pdf/Chapter_032.pdf,CHE,2D,Not specified,No,RES2DINV,Not specified,Not specified,Yes,RMS,0.9,Not specified,No,Yes,
﻿Mechanisms of discontinuous permafrost thaw in peatlands,﻿Devoie et al.,2021,﻿https://doi.org/10.1029/2021JF006204,CAN,2D,"Wenner-A, dipole-dipole, combined",No,﻿AGI Earthimager 2D ,L1,Data fit achieved (<5% error) or 5 iterations,No,n/a,n/a,Not specified,No,No,
﻿Current magnitude and mechanisms of groundwater discharge in the Arctic: Case study from Alaska,﻿Dimova et al.,2015,https://doi.org/10.1021/acs.est.5b02215,USA,2D,"Wenner-A, dipole-dipole",No,Not specified,Not specified,Not specified,Yes,RMS,"2.99, 2.74, 2.05, 2.22, 15.36",Not specified,No,No,
﻿The hydrology of treed wetlands in thawing discontinuous permafrost regions,﻿Disher et al.,2021,https://doi.org/10.1002/eco.2296,CAN,2D,Not specified,No,﻿EarthImager,Not specified,Not specified,Yes,RMS,"3.90, 3.23",Not specified,No,No,
"Geophysical characteristics of permafrost in the Abisko area, Northern Sweden",Dobiński,2010,http://hdl.handle.net/20.500.12128/582,SWE,2D,Not specified,No,RES2DINV,Not specified,Not specified,Yes,RMS,"3.5, 3.2, 3.0, 4.6, 2.5",Not specified,No,No,
﻿Geophysical methods in research of permafrost in the Tatra Mountains and northern Scandinavia,Dobiński,2009,http://hdl.handle.net/20.500.12128/16751,SWE,2D,Not specified,No,Not specified,Not specified,Not specified,Yes,RMS,"3.2, 3.2 ",Not specified,No,No,
"﻿Probable two-layered permafrost formation, as a result of climatic evolution in mountainous environment of Storglaciären forefield, Tarfala, Northern Scandinavia",Dobiński and Glazer,2018,http://hdl.handle.net/20.500.12128/5893,SWE,2D,"Wenner-Schlumberger, Wenner-A, dipole-dipole ",No,RES2DINV,"L2 model, L1 data",Not specified,Yes,Absolute error,"3.2, 3.0, 2.9, 2.0, 2.8",DOI,Yes,No,
"Cold-temperate transition surface and permafrost base (CTS-PB) as an environmental axis in glacier-permafrost relationship, based on research carried out on the Storglaciären and its forefield, northern Sweden",Dobiński et al.,2017,https://doi.org/10.1017/qua.2017.65,SWE,2D,Wenner-Schlumberger,No,RES2DINV,"L2 model, L1 data",Convergence of data misfit (<5% change),Yes,Absolute error,"3.3, 4.7, 3.2, 4.2",Not specified,No,No,
"﻿Permafrost base degradation: Characteristics and unknown thread with specific example from Hornsund, Svalbard",﻿Dobiński and Kasprzak,2022,https://doi.org/10.3389/feart.2022.802157,SJM,2D,Not specified,No,Not specified,Not specified,Not specified,Yes,RMS,3.5,Not specified,No,No,
﻿Direct current (DC) resistivity and induced polarization (IP) monitoring of active layer dynamics at high temporal resolution,﻿Doetsch et al.,2015,https://doi.org/10.1016/j.coldregions.2015.07.002,GRL,2D,"Optimized gradient (other), dipole-dipole",No,﻿AarhusInv,"L2 model, unknown data",Not specified,Yes,Not specified for each profile,n/a,DOI,No,Yes,
"Degrading permafrost mapped with electrical resistivity tomography, airborne imagery and LiDAR, and seasonal thaw measurements",﻿Douglas et al.,2016,https://doi.org/10.1190/geo2015-0149.1,USA,2D,Dipole-dipole,No,RES2DINV,L2,Convergence of data misfit,Yes,RMS,"5.5, 12.4, 13.8, 2.7, 10, 9.5, 9.9",Not specified,No,No,
"Recent degradation of Interior Alaska permafrost mapped with ground surveys, geophysics, deep drilling, and repeat airborne LiDAR",﻿Douglas et al.,2021,﻿https://doi.org/10.5194/tc-15-3555-2021,USA,2D,Dipole-dipole,No,RES2DINV,L2,Convergence of data misfit (<10% change),Yes,RMS,"10.6, 11.2, 14.2, 16.4, 16.0",Not specified,No,No,
Temperature distribution in a permafrost-affected rock ridge from conductivity and induced polarization tomography,﻿Duvillard et al.,2021,https://doi.org/10.1093/gji/ggaa597,CHE,2D,Wenner-A,No,RES2DINV,L2,Convergence of data misfit (<5% change) or 3 iterations,Yes,RMS,"29.5, 9.2, 14.2",Not specified,No,Yes,
Three-dimensional electrical conductivity and induced polarization tomography of a rock glacier,﻿Duvillard et al.,2018,https://doi.org/10.1029/2018JB015965,FRA,"Pseudo 3D, unstructured 3D ","Multigradient (other), Wenner-A",No,Not specified,"L2 model, L2 data",Convergence of objective function (<0.001),No,n/a,n/a,Not specified,No,No,
﻿Internal structure of rock glaciers in Altai (The case of talus rock glacier in Dzhelo River Valley),﻿Dyakova et al.,2019,https://doi.org/10.15421/2019_818,RUS,2D,Not specified,No,Not specified,Not specified,Not specified,No,n/a,n/a,Not specified,No,No,
﻿Internal structure of two alpine rock glaciers investigated by quasi-3-D electrical resistivity imaging,﻿Emmert and Kneisel,2017,https://doi.org/10.5194/tc-11-841-2017,CHE,"2D, grid 3D","Wenner-Schlumberger, dipole-dipole, combined",No,"RES2DINV, RES3DINV","L1 data, unknown model",Convergence of data misfit,Yes,Absolute error,"1.73, 1.9, ﻿7.77, 5.85, 8.86",Model resolution matrix ,No,No,
"Internal structure and palsa development at Orravatnsrústir Palsa Site (Central Iceland), investigated by means of integrated resistivity and ground-penetrating radar methods",﻿Emmert and Kneisel,2021,https://doi.org/10.1002/ppp.2106,ISL,"2D, pseudo 3D","Wenner-Schlumberger, dipole-dipole",No,"RES2DINV, RES3DINV",L1,Convergence of data misfit,Yes,Absolute error,"5.13, 1.21, 0.56, 1.57, 1.37, 4.97, 1.43, 5.51",Model resolution matrix ,No,No,
Twenty years of European mountain permafrost dynamics-the PACE legacy,﻿Etzelmüller et al.,2020,https://doi.org/10.1088/1748-9326/abae9d,"NOR, SWE,CHE, ITA, ESP",2D,Not specified,No,Not specified,Not specified,Not specified,Yes,Absolute error,"10.4, 16.2, 8.6, 4.3, 15.5, 6.8, 4.2",Not specified,No,Yes,
"﻿Permafrost in monitored unstable rock slopes in Norway – New insights from rock wall temperature monitoring, geophysical surveying and numerical modelling",﻿Etzelmüller et al.,2021,https://doi.org/10.5194/esurf-2021-10,NOR,2D,"Wenner-A, Wenner-Schlumberger",No,RES2DINV,L2,Not specified,Yes,RMS,"7.8, 18.2, 14.6, 6.1, 8.2",Not specified,No,No,
"﻿Development of proglacial lakes and evaluation of related outburst susceptibility at the Adygine ice-debris complex, northern Tien Shan",﻿Falatkova et al.,2019,﻿https://doi.org/10.5194/esurf-7-301-2019,KGZ,2D,Not specified,No,RES2DINV,Not specified,Not specified,No,n/a,n/a,Not specified,No,No,
﻿Thermal characteristics and impact of climate change on mountain permafrost in Iceland,﻿Farbrot et al.,2007,https://doi.org/10.1029/2006JF000541,ISL,2D,Wenner-A,No,RES2DINV,L2,Not specified,Yes,RMS,"2.5, 2.6, 2.9",Not specified,No,No,
"﻿Composition and internal structures of a rock glacier on the strandflat of western Spitsbergen, Svalbard",﻿Farbrot et al.,2005,﻿https://doi.org/10.1080/00291950510020619,SJM,2D,Wenner-A,No,RES2DINV,L2,Not specified,No,n/a,n/a,Not specified,No,No,
"Present and past distribution of mountain permafrost in Gaissane Mountains, Northern Norway",﻿Farbrot et al.,2008,https://www.researchgate.net/profile/Ketil-Isaksen/publication/242718615_Present_and_Past_Distribution_of_Mountain_Permafrost_in_the_Gaissane_Mountains_Northern_Norway/links/02e7e5298e097ec10d000000/Present-and-Past-Distribution-of-Mountain-Permafrost-in-the-Gaissane-Mountains-Northern-Norway.pdf,NOR,2D,Not specified,No,Not specified,Not specified,Not specified,Yes,RMS,"5.6, 6.2, 13.1, 8.4, 13.0, 10.1",Not specified,No,No,
"﻿Detailed detection of active layer freeze-thaw dynamics using quasi-continuous electrical resistivity tomography (Deception Island, Antarctica)",﻿Farzamian et al.,2020,﻿https://doi.org/10.5194/tc-14-1105-2020,ATA,2D,Wenner-A,No,RES2DINV,L1,Not specified,No,n/a,n/a,Not specified,No,Yes,
﻿Geocryological analysis of rocks to predict adverse freeze-and-thaw effects,﻿Fedorova et al.,2019,https://doi.org/10.1134/S1062739119066417,RUS,2D,Wenner-Schlumberger,No,﻿ZondRes2D,Not specified,Not specified,No,n/a,n/a,Not specified,No,No,
﻿Investigations of polygonal patterned ground in continuous Antarctic permafrost by means of ground penetrating radar and electrical resistivity tomography: Some unexpected correlations,﻿Forte et al.,2022,https://doi.org/10.1002/ppp.2156,ATA,2D,Wenner-A,No,RES2DINV,"L1 model, unknown data",Not specified,Yes,RMS,4.9,Not specified,No,No,
"﻿Development of a three-dimensional geological model, based on Quaternary chronology, geological mapping, and geophysical investigation, of a watershed in the discontinuous permafrost zone near Umiujaq (Nunavik, Canada)",﻿Fortier et al.,2020,﻿https://doi.org/10.1007/s10040-020-02113-1,CAN,2D,Dipole-dipole,No,RES2DINV,Not specified,Not specified,No,n/a,n/a,Not specified,No,No,
"Impacts of permafrost degradation on a road embankment at Umiujaq in Nunavik (Quebec), Canada",﻿Fortier et al.,2011,https://doi.org/10.1139/t10-101,CAN,2D,Wenner-A,No,﻿RES2DINV,L2,Not specified,Yes,RMS,﻿13.3,Not specified,No,No,
﻿Engineering geophysical investigation of permafrost conditions underneath airfield embankments in Northern Quebec (Canada),﻿Fortier and Savard,2010,https://pubs.aina.ucalgary.ca/cpc/CPC6-1307.pdf,CAN,2D,Dipole-dipole,No,RES2DINV?,Not specified,Not specified,Yes,RMS,"6.2, 6.7, 7.3",Not specified,No,No,
"Internal structure and conditions of permafrost mounds at Umiujaq in Nunawik, Canada, inferred from field investigation and electrical resistivity tomography",﻿Fortier et al.,2008,https://doi.org/10.1139/E08-004,CAN,2D,Dipole-dipole,No,﻿DCIP2D,Not specified,Not specified,Yes,RMS,"14.6, 11.9",DOI,Yes,No,
﻿Monitoring snowmelt induced unsaturated flow and transport using electrical resistivity tomography,﻿French et al.,2002,https://doi.org/10.1016/S0022-1694(02)00156-7,NOR,2D cross borehole,Dipole-dipole,Yes,Not specified,Not specified,Not specified,No,n/a,n/a,Not specified,No,Yes,
﻿Snowmelt infiltration: Monitoring temporal and spatial variability using time-lapse electrical resistivity,﻿French and Binley,2004,https://doi.org/10.1016/j.jhydrol.2004.04.005,NOR,"2D cross borehole, grid 3D",Wenner-A,Yes,Not specified,Not specified,Not specified,No,n/a,n/a,Not specified,No,Yes,
"﻿Permafrost and surface movement of an active protalus rampart in the Kuranosuke Cirque, the northern Japanese Alps",﻿Fukui,2003,https://www.arlis.org/docs/vol1/ICOP/55700698/Pdf/Chapter_048.pdf,JPN,2D,Wenner-Schlumberger,No,RES2DINV,Not specified,Not specified,Yes,RMS,4.6,Not specified,No,No,
"﻿Revealing potential thermo-suffosional soil loosening sites along A-360 Lena Federal highway, central Yakutia",﻿Gagarin et al.,2019,https://www.researchgate.net/profile/Vladimir-Olenchenko-2/publication/339843094_Revealing_potential_thermo-suffosional_soil_loosening_sites_along_A-360_Lena_Federal_Highway_Central_Yakutia/links/6017d891a6fdcc071ba9351c/Revealing-potential-thermo-suffosional-soil-loosening-sites-along-A-360-Lena-Federal-Highway-Central-Yakutia.pdf,RUS,2D,Wenner-Schlumberger,No,"RES2DINV, ﻿ZondRes2D",Not specified,Not specified,No,n/a,n/a,Not specified,No,No,
"Application of electrical resistivity tomography for delineating permafrost hydrogeology in the headwater area of Yellow River on Qinghai-Tibet Plateau, SW China",﻿Gao et al.,2019,﻿https://doi.org/10.1007/s10040-019-01942-z,CHN,2D,Wenner-Schlumberger,No,RES2DINV,L2,Data fit achieved (<5% error),No,n/a,n/a,Not specified,No,No,
﻿Geophysical measurements of the southernmost microglacier in Europe suggest permafrost occurrence in the Pirin Mountains (Bulgaria),﻿Georgieva et al.,2022,﻿https://doi.org/10.5194/tc-16-4847-2022,BGR,2D,Wenner-Schlumberger,No,RES2DINV,Not specified,Not specified,Yes,RMS,"5.5, 5.1, 6.2, 5.1, 4.5, 10.8",Not specified,No,Yes,
"Spatial distribution and controls of permafrost development in non-glacial Arctic catchment over the Holocene, Fuglebekken, SW Spitsbergen",﻿Glazer et al.,2020,﻿https://doi.org/10.1016/j.geomorph.2020.107128,NOR,2D,"Wenner-Schlumberger, dipole-dipole",No,RES2DINV,"L1 data, L2 model",Not specified,Yes,Absolute error,"1.3, 0.84, 3.4, 3.1, 2.7, 1.3, 3.2, 4.6, 1.9, 0.97, 1.3, 3.5, 1.6, 3.1 ",DOI,Yes,No,
"Time-lapse electrical resistivity and ground penetrating radar imaging of young polygonal patterned ground in Victoria Valley, McMurdo Dry Valleys, Antarctica",﻿Godfrey et al.,2020,https://doi.org/10.1190/segam2019-3211851.1,ATA,2D,Not specified,No,RES2DINV,L1,Not specified,No,n/a,n/a,Not specified,No,No,
"﻿Location of permafrost in marginal regions: Corral del Veleta, Sierra Nevada, Spain",﻿Gómez et al.,2001,https://doi.org/10.1002/ppp.375,ESP,2D,Wenner-A,No,RES2DINV,Not specified,Not specified,Yes,RMS,"11.2, 4.5",Not specified,No,No,
"Local influences of geothermal anomalies on permafrost distribution in an active volcanic island (Deception Island, Antarctica)",﻿Goyanes et al.,2014,http://doi.org/10.1016/j.geomorph.2014.04.010,ATA,2D,Wenner-A,No,RES2DINV,L2 (see ﻿Hauck and Vonder Mühll (2003)),Convergence of data misfit or data fit achieved (see ﻿Hauck and Vonder Mühll (2003)),Yes,Absolute error,"6.2, 2.3, 1.9",Not specified,No,No,
﻿Probable occurrence of sporadic permafrost in non-alpine scree slopes in central Europe,﻿Gude et al.,2003,https://www.arlis.org/docs/vol1/ICOP/55700698/Pdf/Chapter_060.pdf,"DEU, FRA, CZE",2D,Not specified,No,Not specified,Not specified,Not specified,Yes,RMS,24.1,Not specified,No,No,
﻿The origins of Antarctic rock glaciers: periglacial or glacial features?,﻿Guglielmin et al.,2018,https://doi.org/10.1002/esp.4320,ATA,2D,Wenner-A,No,RES2DINV,L2,Not specified,Yes,RMS,9.4,Not specified,No,No,
﻿Recent thermokarst evolution in the Italian Central Alps,﻿Guglielmin et al.,2021,https://doi.org/10.1002/ppp.2099,ITA,2D,Wenner-A,No,RES2DINV,Not specified,Convergence of data misfit (<5% change),Yes,RMS,"8.8, 4.4, 1.5, 1.6, 4.5, 1.5",Not specified,No,Yes,
﻿Ice content and interannual water storage changes of an active rock glacier in the dry Andes of Argentina,﻿Halla et al.,2021,﻿https://doi.org/10.5194/tc-15-1187-2021,ARG,2D,﻿Multiple-gradient array (other),No,RES2DINV,L1,Not specified,Yes,Absolute error,"6.2, 5.1, 6.7, 7.4",Not specified,No,No,
"﻿Seismic and electrical geophysical characterization of an incipient coastal open-system pingo: Lagoon Pingo, Svalbard",﻿Hammock et al.,2022,https://doi.org/10.1029/2021EA002093,SJM,2D,Wenner-A,Yes,﻿ResIPy,L2,Not specified,Yes,RMS,"1.00, 1.02, 0.77, 1.00, 1.00",Sensitivity matrix,No,No,
﻿Groundwater flow and storage processes in an inactive rock glacier,﻿Harrington et al.,2018,https://doi.org/10.1002/hyp.13248,CAN,2D,"Wenner-A, custom (other)",No,RES2DINV,"L1 data, L1 model",Not specified,Yes,Absolute error,"4.7, 5.9, 4.9, 6.1, 5.8",Not specified,No,No,
"﻿A scale-oriented approach for the long-term monitoring of ground thermal conditions in permafrost-affected rockfaces, kitzsteinhorn, Hohe Tauern range, Austria",﻿Hartmeyer et al.,2012,https://www.ajes.at/images/AJES/archive/Band%20105_2/hartmeyer_et_al_ajes_105_2.pdf,AUT,2D,Not specified,No,Not specified,Not specified,Not specified,No,n/a,n/a,Not specified,No,No,
"﻿Rock avalanche and rock glacier: A compound landform study from Hornsund, Svalbard",﻿Hartvich et al.,2017,https://doi.org/10.1016/j.geomorph.2016.10.008,SJM,2D,Not specified,No,Not specified,Not specified,Not specified,No,n/a,n/a,Not specified,No,No,
﻿Permafrost monitoring using time-lapse resistivity tomography ,﻿Hauck and Vonder Mühll,2003,https://www.arlis.org/docs/vol1/ICOP/55700698/Pdf/Chapter_065.pdf,CHE,2D,Not specified,No,RES2DINV,Not specified,Not specified,No,n/a,n/a,Not specified,No,Yes,
﻿Frozen ground monitoring using DC resistivity tomography,﻿Hauck,2002,https://doi.org/10.1029/2002GL014995,CHE,2D,Wenner-A,No,RES2DINV,Not specified,Not specified,No,n/a,n/a,Not specified,No,Yes,
﻿A new model for estimating subsurface ice content based on combined electrical and seismic data sets,﻿Hauck et al.,2011,https://doi.org/10.5194/tc-5-453-2011,CHE,2D,Wenner-A,No,RES2DINV,Not specified,Not specified,No,n/a,n/a,Not specified,No,No,
A time-lapse geophysical model for detecting changes in ground ice content based on electrical and seismic mixing rules,﻿Hauck et al.,2017,https://doi.org/10.3997/2214-4609.201702024,CHE,2D,Not specified,No,Not specified,Not specified,Not specified,No,n/a,n/a,Not specified,No,Yes,
﻿Using DC resistivity tomography to detect and characterize mountain permafrost,﻿Hauck et al.,2003,https://doi.org/10.1046/j.1365-2478.2003.00375.x,"CHE, ITA",2D,Wenner-A,No,RES2DINV,L2,Data fit achieved or convergence of data misfit,Yes,RMS,"9.5, 4.6, 3.5, 7.8, 4.0, 3.2, 7.1, 6.2, 5.4",Relative sensitivity,Yes,No,
﻿A four-phase model to quantify subsurface ice and water content in permafrost regions based on geophysical data sets ,﻿Hauck et al.,2008,https://www.researchgate.net/profile/Christian-Hauck-2/publication/253012787_Monitoring_and_Quantifying_Subsurface_Ice_and_Water_Content_in_Permafrost_Regions_Based_on_Geophysical_Data_Sets/links/57c6d43a08aefc4af34c272f/Monitoring-and-Quantifying-Subsurface-Ice-and-Water-Content-in-Permafrost-Regions-Based-on-Geophysical-Data-Sets.pdf,"ATA, CHE, NOR, DEU",2D,Not specified,No,RES2DINV,Not specified,Not specified,No,n/a,n/a,Not specified,No,Yes,
"﻿Geophysical surveys designed to delineate the altitudinal limit of mountain permafrost: An example from Jotunheimen, Norway",﻿Hauck et al.,2004,https://doi.org/10.1002/ppp.493,NOR,2D,Wenner-A,No,RES2DINV,L2 (see Hauck et al. (2003)),Convergence of data misfit or data fit achieved (See ﻿Hauck and Vonder Mühll (2003)),No,n/a,n/a,Not specified,No,No,
﻿Application of capacitively-coupled and DC electrical resistivity imaging for mountain permafrost studies,﻿Hauck and Kneisel,2006,https://doi.org/10.1002/ppp.555,CHE,2D,"Wenner-A, dipole-dipole",No,RES2DINV,L2 (see Hauck et al. (2003)),Convergence of data misfit or data fit achieved (See ﻿Hauck and Vonder Mühll (2003)),No,n/a,n/a,Not specified,No,No,
﻿Detecting alpine permafrost using electro-magnetic methods,﻿Hauck and Vonder Mühll,2007,https://doi.org/10.1007/BFb0104205,CHE,2D,Not specified,No,RES2DINV,Not specified,Not specified,Yes,RMS,"7.4, 2.7",Not specified,No,No,
﻿Inversion and interpretation of two-dimensional geoelectrical measurements for detecting permafrost in mountainous regions,﻿Hauck and Vonder Mühll,2003,https://doi.org/10.1002/ppp.462,"CHE, ITA, NOR",2D,Wenner-A,No,RES2DINV,L2,Convergence of data misfit or data fit achieved,Yes,RMS,"4.0, 6.2, 9.5, 4.6, 3.5, 12.8, 8.8",Relative sensitivity,Yes,No,
"Geophysical identification of permafrost in Livingston Island, Maritime Antarctica",﻿Hauck et al.,2007,https://doi.org/10.1029/2006JF000544,ATA,2D,Wenner-A,No,RES2DINV,L2 (see Hauck et al. (2003)),Convergence of data misfit or data fit achieved (See ﻿Hauck and Vonder Mühll (2003)),Yes,Absolute error,"5.0, 3.3, 1.5, 4.0, 2.0, 4.1, 2.2, 1.9",Not specified,No,No,
﻿Permafrost monitoring in high mountain areas using a coupled geophysical and meteorological approach ,﻿Hauck et al.,2005,https://doi.org/10.1002/0470858249.ch6,CHE,2D,Not specified,No,RES2DINV,Not specified,Not specified,No,n/a,n/a,Not specified,No,Yes,
﻿Thawing of permafrost peatlands: Effects of water-energy feedback on landscape evolution,﻿Hayashi et al.,2011,"http://www.scottycreek.com/media/documents/publications/50_Hayashi%20et%20al.,%202011.pdf",CAN,2D,Dipole-dipole,No,RES2DINV,L1,Not specified,No,n/a,n/a,Not specified,No,No,
﻿Mountain permafrost in Central-Eastern Norway,﻿Heggem et al.,2005,﻿https://doi.org/10.1080/00291950510038377,NOR,2D,Wenner-A,No,RES2DINV,L2,Not specified,Yes,RMS,"4.3, 6.8, 15.0, 5.1, 5.3, 7.6, 4.8, 5.4, 15.3, 5.6, 13.0",Not specified,No,No,
﻿Using 2-D and 3-D georadar to characterize karst collapse as a basis for high-resolution reservoir-analogue models,﻿Heincke et al.,2006,https://www.researchgate.net/publication/358635150_Using_2-D_and_3-D_georadar_to_characterize_karst_collapse_as_a_basis_for_high-resolution_reservoir-analogue_models,SJM,2D,Not specified,No,Not specified,Not specified,Not specified,Yes,RMS,9.87,Relative sensitivity,No,No,
﻿Time-lapse refraction seismic tomography for the detection of ground ice degradation,﻿Hilbich,2010,https://doi.org/10.5194/tc-4-243-2010,CHE,2D,Wenner-A,No,RES2DINV,L1,Not specified,Yes,Absolute error,"4.0, 4.6, 4.1, 2.8, 4.2",Not specified,No,Yes,
Automated time-lapse ERT for improved process analysis and monitoring of frozen ground,﻿Hilbich et al.,2011,https://doi.org/10.1002/ppp.732,CHE,2D,"Wenner-A, Wenner-Schlumberger, dipole-dipole",No,RES2DINV,L1,3 iterations,Yes,Absolute error,"2.0, 2.0, 2.2, 2.1, 2.4, 1.9, 2.3, 1.8, 2.3, 2.0",Not specified,No,Yes,
"Monitoring mountain permafrost evolution using electrical resistivity tomography: A 7-year study of seasonal, annual, and long-term variations at Schilthorn, Swiss Alps",﻿Hilbich et al.,2008,https://doi.org/10.1029/2007JF000799,CHE,2D,Wenner-A,No,RES2DINV,L1,Convergence of data misfit (<5% change),Yes,RMS,"3.9, 2.6, 2.8, 2.7, 3.0, 3.5, 4.1",Not specified,No,Yes,
Applicability of electrical resistivity tomography monitoring to coarse blocky and ice-rich permafrost landforms,﻿Hilbich et al.,2009,https://doi.org/10.1002/ppp.652,CHE,2D,Wenner-A,No,﻿RES2DINV,L1,Data fit achieved,Yes,Absolute error,"6.07, 5.90, 5.72, 5.92, 4.12",DOI and model resolution matrix,Yes,Yes,
﻿Towards accurate quantification of ice content in permafrost of the Central Andes - Part 1: Geophysics-based estimates from three different regions,﻿Hilbich et al.,2022,https://doi.org/10.5194/tc-16-1845-2022,"CHL, ARG",2D,Wenner-A,No,﻿RES2DINV,"L1 (see Hilbich et al., 2009; Mollaret et al., 2019))",Not specified,Yes,Absolute error,"7.0, 2.6, 7.9, 9.8, 9.6, 3.0, 2.5, 6.0, 7.7, 5.8, 3.6, 4.0, 2.9, 5.0, 6.6, 4.0, 11.3, 4.8, 22.1, 1.8, 2.3, 4.8, 1.3, 6.7, 3.2, 2.5, 1.5, 2.3, 3.0, 2.4, 4.6, 6.1, 2.3, 1.2, 1.6, 5.9, 2.7, 2.7, 2.1, 1.3, 1.1, 2.8, 3.4, 2.2, 2.5, 2.8, 4.3, 4.3, 4.1, 3.8, 2.2, 2.1",Not specified,No,No,
﻿Groundwater age of spring discharges under changing permafrost conditions: The Khangai Mountains in central Mongolia,﻿Hiyama et al.,2021,https://doi.org/10.1088/1748-9326/abd1a1,MNG,2D,Wenner-A,No,﻿RES2DINV,Not specified,Not specified,No,n/a,n/a,Not specified,No,No,
"﻿Thirty years of permafrost research in the Corvatsch-Furtschellas area, Eastern Swiss Alps: A review ",﻿Hoelzle et al.,2002,https://doi.org/﻿10.1080/002919502760056468,CHE,2D,Wenner-A,No,﻿RES2DINV,Not specified,Not specified,No,n/a,n/a,Not specified,No,No,
Half a century of discontinuous permafrost persistence and degradation in western Canada,﻿Holloway and Lewkowicz,2020,https://doi.org/﻿10.1002/ppp.2017,CAN,2D,Wenner-A,No,﻿RES2DINV,L1,Data fit achieved (<5% error) or 5 iterations,Yes,RMS,5.1,Model sensitiviy ﻿> 0.1 ,No,No,
"﻿Field and laboratory investigation of electrical resistivity-temperature relationships, southern Northwest Territories",﻿Holloway and Lewkowicz,2019,https://ascelibrary.org/doi/abs/10.1061/9780784482599.008,CAN,2D,Wenner-A,No,﻿RES2DINV,L1,Data fit achieved (<5% error) or 5 iterations,Yes,RMS,"4.9, 5.4, 3.9",Model sensitiviy ﻿> 0.1 ,No,No,
﻿Groundwater flow through continuous permafrost along geological boundary revealed by electrical resistivity tomography,﻿Hornum et al.,2021,https://doi.org/10.1029/2021GL092757,SJM,2D,Wenner-A,Yes,﻿ResIPy,L2,Data fit achieved (<1.2% error),Yes,RMS,"1.32, 1.2, 1.2, 1.27",DOI (0.2),No,No,
﻿Quantifying and relating land-surface and subsurface variability in permafrost environments using LiDAR and surface geophysical datasets,﻿Hubbard et al.,2013,https://doi.org/10.1007/s10040-012-0939-y,USA,2D,Dipole-dipole,No,﻿CRTomo,L2,Not specified,Yes,Not specified,8%,Model sensitiviy ﻿> 0.1 ,No,No,
"﻿Pebbly versus bouldery rock glaciers: Morphology, structure and processes",﻿Ikeda and Matsuoka,2006,https://doi.org/10.1016/j.geomorph.2005.07.015,CHE,2D,Wenner-Schlumberger,No,RES2DINV,Not specified,Not specified,Yes,RMS,"4.1, 3.8, 2.4, 3.0, 2.4, 2.0",Not specified,No,No,
﻿A rapidly moving small rock glacier at the lower limit of the mountain permafrost belt in the Swiss Alps,﻿Ikeda et al.,2003,https://www.arlis.org/docs/vol1/ICOP/55700698/Pdf/Chapter_081.pdf,CHE,2D,Wenner-Schlumberger,No,Not specified,Not specified,Not specified,Yes,RMS,2.4,Not specified,No,No,
﻿Multi‐parameter protocol for geocryological test site: A case study applied for the European North of Russia,﻿Isaev et al.,2022,https://doi.org/10.3390/en15062076,RUS,2D,﻿Forward and reversed pole-dipole (other),Yes,﻿X2ipi and RES2DINV,Not specified,Not specified,No,n/a,n/a,Not specified,No,No,
"﻿Mountain permafrost distribution in Dovrefjell and Jotunheimen, southern Norway, based on BTS and DC resistivity tomography data",﻿Isaksen et al.,2002,﻿https://doi.org/10.1080/002919502760056459,NOR,2D,"Wenner-A, Wenner-Schlumberger",No,RES2DINV,L2,Not specified,Yes,RMS,"11.8, 9.9",Not specified,No,No,
"﻿Degrading mountain permafrost in Southern Norway: Spatial and temporal variability of mean ground temperatures, 1999-2009",﻿Isaksen et al.,2011,https://doi.org/10.1002/ppp.728,NOR,2D,Not specified,No,Not specified,L1,Not specified,Yes,Absolute error,"4.9, 6.4",DOI (0.2),No,Yes,
"﻿Spatial mountain permafrost modelling in the Daisetsu Mountains, northern Japan",﻿Ishikawa,2003,https://www.arlis.org/docs/vol1/ICOP/55700698/Pdf/Chapter_084.pdf,JPN,2D,Wenner-Schlumberger,No,RES2DINV,Not specified,Convergence of data misfit,No,n/a,n/a,Not specified,No,No,
﻿Application of DC resistivity imaging to frozen ground investigations,﻿Ishikawa,2004,https://doi.org/10.5331/seppyo.66.177,"MNG, JPN, NPL",2D,Wenner-Schlumberger,No,RES2DINV,L2,Convergence of data misfit (<5% change),Yes,RMS,"2.2, 2.3, 4.2",Not specified,No,Yes,
"﻿Genetic differences of rock glaciers and the discontinuous mountain permafrost zone in Kanchanjunga Himal, Eastern Nepal",﻿Ishikawa et al.,2001,https://doi.org/10.1002/ppp.394,NPL,2D,Wenner-Schlumberger,No,RES2DINV,Not specified,Convergence of data misfit,Yes,RMS,"8.1, 11.6, 18.8",Not specified,No,No,
"﻿Formation chronology of Arsain Pingo, Darhad Basin, Northern Mongolia",﻿Ishikawa and Yamkhin,2016,https://doi.org/10.1002/ppp.1877,MNG,2D,Wenner-Schlumberger,No,RES2DINV,Not specified,Convergence of data misfit,Yes,RMS,4.9,Not specified,No,No,
"﻿What drives large-scale glacier detachments? Insights from Flat Creek glacier, St. Elias Mountains, Alaska",﻿Jacquemart et al.,2021,﻿https://doi.org/10.1130/G47211.1,USA,2D,"Wenner-A, dipole-dipole, combined",No,RES2DINV,Not specified,Not specified,Yes,Absolute error,"4.6, 3.6, 7.2",Not specified,No,No,
"﻿Geomorphic and sedimentary signatures of catastrophic glacier detachments: A first assessment from Flat Creek, Alaska",﻿Jacquemart et al.,2022,﻿https://doi.org/10.1016/j.geomorph.2022.108376,CAN,2D,"Wenner-A, dipole-dipole, combined",No,RES2DINV,L2,Convergence of data misfit (<2% change),Yes,RMS,"2.1, 3.6, 2.3, 4.0, 6.1, 3.4, 1.8, 7.2, 1.8, 1.9, 1.6, 1.2, 1.1, 3.6, 3.4",Not specified,No,No,
"Multi-decadal degradation and persistence of permafrost in the Alaska Highway corridor, northwest Canada",﻿James et al.,2013,https://doi.org/10.1088/1748-9326/8/4/045013,CAN,2D,Wenner-A,No,﻿RES2DINV,L1,Not specified,Yes,Absolute error,"3.6, 3.7",Not specified,No,No,
﻿The biophysical role of water and ice within permafrost nearing collapse: Insights from novel geophysical observations,﻿James et al.,2021,https://doi.org/10.1029/2021JF006104,USA,2D,Dipole-dipole and inverse Schlumberger (other),No,EarthImager2D ,Not specified,Not specified,No,n/a,n/a,Model sensitivity,No,No,
"﻿Serpentine (floating) ice channels and their interaction with riverbed permafrost in the Lena River Delta, Russia",﻿Juhls et al.,2021,https://doi.org/10.3389/feart.2021.689941,RUS,2D,"Wenner-Schlumberger, ﻿dipole-dipole",No,"﻿Aarhus Workbench, ﻿ZondRes2D ",Other,Not specified,Yes,Not specified for each profile,n/a,Not specified,No,No,
"﻿Permafrost dynamics at the Fairbanks Permafrost Experimental Station near Fairbanks, Alaska",﻿Kanevskiy et al.,2008,https://www.researchgate.net/profile/Y-Shur/publication/255553666_Permafrost_Dynamics_at_the_Fairbanks_Permafrost_Experimental_Station_Near_Fairbanks_Alaska/links/00b7d53b596eebc79e000000/Permafrost-Dynamics-at-the-Fairbanks-Permafrost-Experimental-Station-Near-Fairbanks-Alaska.pdf,USA,2D,Wenner-A,No,RES2DINV,L2,Not specified,No,n/a,n/a,Not specified,No,No,
"﻿High-resolution electrical resistivity tomography applied to patterned ground, Wedel Jarlsberg Land, south-west Spitsbergen",﻿Kasprzak,2015,https://doi.org/10.3402/polar.v34.25678,SJM,2D,"Dipole-dipole, ﻿Wenner-Schlumberger",No,RES2DINV,L2,Not specified,Yes,RMS,"9.0, 2.0, 9.6",Not specified,No,No,
﻿Seawater intrusion on the arctic coast (Svalbard): The concept of onshore‐permafrost wedge,﻿Kasprzak,2020,https://doi.org/10.3390/geosciences10090349,NOR,2D,Wenner-Schlumberger,No,RES2DINV,L2,Not specified,Yes,RMS,17.8,Not specified,No,No,
"On the potential for a bottom active layer below coastal permafrost: the impact of seawater on permafrost degradation imaged by electrical resistivity tomography (Hornsund, SW Spitsbergen)",﻿Kasprzak et al.,2017,https://doi.org/10.1016/j.geomorph.2016.06.013,NOR,2D,Wenner-Schlumberger,No,RES2DINV,L2,Not specified,Yes,RMS,"5.0, 3.8, 5.8, 2.8, 1.7, 2.6, 7.8",Not specified,No,Yes,
"Long-term monitoring of sporadic permafrost at the eastern margin of the European Alps (Hochreichart, Seckauer Tauern range, Austria)",﻿Kellerer-Pirklbauer,2019,https://doi.org/10.1002/ppp.2021,AUT,2D,"Wenner-A, Wenner-Schlumberger",No,RES2DINV,L1,Convergence of data misfit,Yes,RMS,"9.3, 8.1, 8.2, 11.5, 8.1, 9.5, 8.6, 8.0, 5.0, 5.3, 6.7, 9.5, 4.6",Not specified,No,No,
﻿Deglaciation and its impact on permafrost and rock glacier evolution: New insight from two adjacent cirques in Austria,"﻿Kellerer-Pirklbauer and
Kaufmann",2018,https://doi.org/10.1016/j.scitotenv.2017.10.087,AUT,2D,"Wenner-A, Wenner-Schlumberger combined",No,RES2DINV,L1,Not specified,Yes,Not specified,"3.8, 3.2, 4.6, 3.4, 5.0, 8.9, 6.1, 2.4, 2.7, 4.7, 3.5, 5.3, 6.3",Not specified,No,No,
﻿The Dösen rock glacier in central Austria: A key site for multidisciplinary long-term rock glacier monitoring in the eastern alps,﻿Kellerer-Pirklbauer et al.,2017,https://www.researchgate.net/profile/Andreas-Kellerer-Pirklbauer/publication/322633639_The_Dosen_Rock_Glacier_in_Central_Austria_A_key_site_for_multidisciplinary_long-term_rock_glacier_monitoring_in_the_Eastern_Alps/links/5a683d0fa6fdcce9c107a4c1/The-Doesen-Rock-Glacier-in-Central-Austria-A-key-site-for-multidisciplinary-long-term-rock-glacier-monitoring-in-the-Eastern-Alps.pdf,AUT,2D,Not specified,No,Not specified,Not specified,Not specified,No,n/a,n/a,Not specified,No,No,
"New insights on permafrost genesis and conservation in talus slopes based on observations at Flüelapass, Eastern Switzerland",﻿Kenner et al.,2017,https://doi.org/10.1016/j.geomorph.2017.04.011,CHE,2D,Wenner-Schlumberger,No,RES2DINV,L1 (see Hilbich et al. (2011)),3 iterations (Hilbich et al 2011),Yes,Absolute error,"3.1, 6.7, 7.2, 10.6",Not specified,No,No,
﻿Automated electrical resistivity tomography testing for early warning in unstable permafrost rock walls around Alpine infrastructure,﻿Keuschnig et al.,2017,https://doi.org/10.1002/ppp.1916,AUT,2D,Wenner-A,No,RES2DINV,L1 (see ﻿Krautblatter and Hauck (2007) and Rosset et al. (2013)),Not specified,Yes,Absolute error,"38.5, 30.3, 21.1, 21.1, 22.5, 32.6, 61.7, 60.5, 76.7, 28.1, 13.4, 24.7, 18.0, 13.4, 15.0, 19.3, 27.2, 24.5, 18.6, 15.4, 20.5",Not specified,No,Yes,
"﻿Permafrost-related mass movements: Implications from a rock slide at the Kitzsteinhorn, Austria",﻿Keuschnig et al.,2015,https://doi.org/10.1007/978-3-319-09300-0_48,AUT,2D,Not specified,No,Not specified,Not specified,Not specified,Yes,Absolute error,"2.6, 8.2, 37.7",Not specified,No,Yes,
"﻿Time-lapse electrical resistivity tomography and ground penetrating radar mapping of the active layer of perma- frost across a snow fence in Cambridge Bay, Nunavut Territory, Canada: correlation interpretation using vegetation and meteorological data",﻿Kim et al.,2021,﻿https://doi.org/10.1007/s12303-021-0021-7,CAN,2D,Wenner-A,No,Not specified,Not specified,Not specified,Yes,RMS,"1.78, 1.76, 1.61, 1.53",Not specified,No,Yes,
"﻿Geophysical measurements of perennial snow patches in Pirin Mountain, Bulgaria [PREPRINT]",﻿Kisyov et al.,2021,﻿https://doi.org/10.5194/tc-2021-337,BGR,2D,Wenner-Schlumberger,No,RES2DINV?,L2,Not specified,Yes,RMS,"5.5, 5.1, 22.5, 5.1, 4.5, 10.8",Not specified,No,Yes,
"A multi-methodological approach to determine permafrost occurrence and ground surface subsidence in mountain terrain, Tyrol, Austria",﻿Klug et al.,2017,https://doi.org/10.1002/ppp.1896,AUT,2D,Wenner-A,No,﻿RES2DINV,L1,Not specified,Yes,RMS,"5.1, 7.2, 6.8, 5.9",Not specified,No,No,
Application of 3D electrical resistivity imaging for mapping frozen ground conditions exemplified by three case studies,﻿Kneisel et al.,2014,https://doi.org/10.1016/j.geomorph.2013.12.022,CHE,"2D, pseudo 3D",Wenner-Schlumberger,No,﻿RES2DINV,L1,Convergence of data misfit ,Yes,Absolute error,"2.0, 2.1, 1.3, 3.2, 2.3, 2.6, 4.3, 3.3",Not specified,No,No,
"﻿Mountain permafrost dynamics within a recently exposed glacier forefield inferred by a combined geomorphological, geophysical and photogrammetrical approach ",﻿Kneisel and Kääb,2007,https://doi.org/10.1002/esp.1488,CHE,2D,"Wenner-A, Wenner-Schlumberger",No,RES2DINV,Not specified,Not specified,Yes,RMS,"2.5, 1.4, 8.0",Not specified,No,No,
Frozen ground dynamics resolved by multi-year and yearround electrical resistivity monitoring at three alpine sites in the Swiss Alps,﻿Kneisel et al.,2014,https://doi.org/10.3997/1873-0604.2013067,CHE,2D,"Wenner-A, Wenner-Schlumberger, dipole-dipole",No,﻿RES2DINV,L1,Not specified,Yes,Absolute error,"2.54, 2.59, 2.67, 2.5, 2.62, 4.37, 2.1, 5.4, 2.4, 4.6, 15, 4.5, 2.2, 2.2, 5.8, 4.1, 8.5, 5.0, 2.8, 5.3",Not specified,No,Yes,
﻿Hazard assessment of potential periglacial debris flows based on GIS-based spatial modelling and geophysical field surveys: A case study in the Swiss Alps,﻿Kneisel et al.,2007,https://doi.org/10.1002/ppp.593,CHE,2D,Wenner-A,No,Not specified,Not specified,Not specified,Yes,RMS,"3.9, 4.5, 1.9, 2.4",Not specified,No,No,
﻿The nature and dynamics of frozen ground in alpine and subarctic periglacial environments,﻿Kneisel,2010,"
https://doi.org/10.1177/0959683609353432","CHE, AUT, SWE, ISL",2D,"Wenner-Schlumberger, Wenner-A",No,Not specified,Not specified,Not specified,Yes,RMS,"2.5, 1.4, 8.0, 4.7, 5.6, 4.1, 4.2, 18.1, 6.5, 8.7, 6.3, 8.6, 6.3, 8.8, 20.0, 12.8, 14.8, 1.37",Not specified,No,Yes,
﻿Assessment of subsurface lithology in mountain environments using 2D resistivity imaging,﻿Kneisel,2006,https://doi.org/10.1016/j.geomorph.2005.09.012,"SWE, CHE",2D,"Wenner-A, Wenner-Schlumberger, dipole-dipole",No,RES2DINV,Not specified,Not specified,Yes,RMS,"3.5, 3.4, 14.4, 2.4, 6.8, 9.9, 5.9, 3.0, 4.41, 4.21",Not specified,No,Yes,
﻿New insights into mountain permafrost occurrence and characteristics in glacier forefields at high altitude through the application of 2D resistivity imaging,﻿Kneisel,2004,https://doi.org/10.1002/ppp.495,CHE,2D,Wenner-A,No,Not specified,Not specified,Not specified,Yes,RMS,"8.4, 2.0, 8.6, 3.4",Not specified,No,No,
Soil geomorphology and frozen ground conditions at a subalpine talus slope having permafrost in the eastern Swiss Alps,﻿Kneisel et al.,2015,https://doi.org/10.1016/j.catena.2015.05.005,CHE,"2D, pseudo 3D",Wenner-Schlumberger,No,RES3DINV,L1,Convergence of data misfit,Yes,Absolute error,"3.1, 2.4 ",Not specified,No,No,
"﻿Permafrost below the Timberline confirmed and characterized by geoelectrical resistivity measurements, Bever Valley, eastern Swiss Alps",﻿Kneisel et al.,2000,https://doi.org/10.1002/1099-1530(200012)11:4<295::AID-PPP353>3.0.CO;2-L,CHE,2D,Wenner-A,No,﻿RES2DINV,L2 (see ﻿Hauck and Vonder Muhll (1999)) ,Not specified,Yes,RMS,"6.8, 6.2, 2.2, 3.2, 3.1",Not specified,No,No,
﻿Electrical resistivity monitoring for the detection of changes in mountain permafrost at different time scales,﻿Kneisel et al.,2011,https://orbi.uliege.be/bitstream/2268/121461/1/Berichte_93#page=51,CHE,2D,"Wenner-A, Wenner-Schlumberger, dipole-dipole",No,Not specified,Not specified,Not specified,No,n/a,n/a,Not specified (but contour drawn),No,Yes,
﻿Reconnaissance surveys of contemporary permafrost environments in central Iceland using geoelectrical methods: Implications for permafrost degradation and sediment fluxes,﻿Kneisel et al.,2007,https://doi.org/10.1111/j.1468-0459.2007.00306.x,ISL,2D,"Wenner-A, Wenner-Schlumberger, dipole-dipole ",No,RES2DINV,L2,Not specified,Yes,RMS,"3.7, 3.9, 12.8, 6.0, 6.9, 3.4, 3.1, 0.99, 2.7",Not specified,No,No,
"Patterns of multiannual aggradation of permafrost in rock walls with and without hydraulic interconnectivity (Steintälli, Valley of Zermatt, Swiss Alps)",﻿Krautblatter,2010,https://doi.org/10.1007/978-3-540-75761-0_13,CHE,2D,Wenner-A (﻿see Krautblatter and Hauck (2007)),No,﻿RES2DINV,L1 (see ﻿Krautblatter and Hauck (2007)),5 iterations,Yes,RMS,"13.1, 13.9, 9.6, 15.5, 6.49, 12.87, 12.06","Model covariance matrix method described in Alumbaugh and Newman (2000), relative sensitivity",No,Yes,
Electrical resistivity tomography monitoring of permafrost in solid rock walls,﻿Krautblatter and Hauck,2007,https://doi.org/10.1029/2006JF000546,CHE,2D,Wenner-A,No,﻿RES2DINV,L1,Not specified,Yes,Absolute error,"7.9, 14.4, 11.2, 8.5, 14.6, 8.0, 12.4, 11.8, 12.1, 11.8, 6.1, 11.4",Not specified,No,Yes,
"Temperature-calibrated imaging of seasonal changes in permafrost rock walls by quantitative electrical resistivity tomography (Zugspitze, German/Austrian Alps)",﻿Krautblatter et al.,2010,https://doi.org/10.1029/2008JF001209,DEU,2D,"Wenner-A, Wenner-Schlumberger, gradient (other)",Yes,﻿CRTomo,L2,Data fit to within noise levels,No,n/a,n/a,Not specified,No,Yes,
"﻿Structure and composition of a tidewater glacier push moraine, Svalbard, revealed by DC resistivity profiling",﻿Kristensen et al.,2009,https://doi.org/10.1111/j.1502-3885.2008.00045.x,SJM,2D,Wenner-A,No,RES2DINV,L2,"Data fit achieved, convergence of data misfit (<5% change), or 4 iterations",Yes,RMS (not given for each profile),"4.4, 7.7, 68.4",Not specified,No,No,
Horizontal-to-vertical spectral ratio variability in the presence of permafrost,﻿Kula et al.,2018,https://doi.org/10.1093/gji/ggy118,NOR,2D,Wenner-Schlumberger,No,﻿RES2DINV,"L1 data, L2 model",Not specified,Yes,Absolute error,"0.43, 0.76",Not specified,No,No,
"Glacier–permafrost interaction at a thrust moraine complex in the glacier forefield Muragl, Swiss Alps",﻿Kunz and Kneisel,2020,https://doi.org/10.3390/geosciences10060205,CHE,2D,Wenner-Schlumberger,No,﻿RES2DINV,L1,Not specified,Yes,Absolute error,"﻿11.9, 13.3, 7.9",Not specified,No,No,
﻿Three-dimensional investigation of an open- and a closed-system Pingo in northwestern Canada,﻿Kunz and Kneisel,2021,https://doi.org/10.1002/ppp.2115,CAN,Pseudo 3D,"Wenner-Schlumberger, dipole-dipole",No,RES2DINV,L1,Not specified,Yes,Absolute error,"﻿4.73, 11.4, 7.5, 4.41, 3.5 ",Not specified,No,No,
﻿Internal structure and recent dynamics of a moraine complex in an alpine glacier forefield revealed by geophysical surveying and Sentinel-1 InSAR time series,﻿Kunz et al.,2022,https://doi.org/10.1016/j.geomorph.2021.108052,ITA,2D,Wenner-Schlumberger,No,RES2DINV,L1,Not specified,Yes,Absolute error,"﻿7.8, 14.5, 13.6",Not specified,No,No,
﻿Two-dimensional geoelectrical monitoring in an alpine frozen moraine [CONFERENCE PROC],﻿Lambiel and Baron,2008,https://serval.unil.ch/resource/serval:BIB_F9E3659491C1.P001/REF.pdf,CHE,2D,Wenner-Schlumberger,No,RES2DINV,Not specified,Not specified,Yes,Absolute error,"2.3, 11.7",Not specified,No,Yes,
"﻿Ground characteristics and deformation of a frozen moraine affected by tourist infrastructures (Col des Gentianes, Valais)",﻿Lambiel and Schuetz,2008,https://serval.unil.ch/resource/serval:BIB_71A3AFFE2F9E.P001/REF.pdf,CHE,2D,Wenner-Schlumberger,No,RES2DINV,Not specified,Not specified,Yes,Absolute error,2.3,Not specified,No,No,
Internal structure and hydrological functions of an alpine proglacial moraine,﻿Langston et al.,2011,https://doi.org/10.1002/hyp.8144,CAN,2D,Wenner-A,No,﻿RES2DINV,L1,Not specified,Yes,Absolute error,"6.1, 5.6, 3.5, 3.6",DOI 0.2,Yes,No,
﻿Utilizing vegetation indices as a proxy to characterize the stability of a railway embankment in a permafrost region,﻿Lautala et al.,2016,https://doi.org/10.3934/geosci.2016.4.329,CAN,2D,Not specified,No,﻿EarthImager 2D,Not specified,Not specified,No,n/a,n/a,Not specified,No,No,
"﻿Suprapermafrost subaerial taliks, central Yakutia, Shestakovka River basin",﻿Lebedeva et al.,2019,https://www.researchgate.net/publication/331497099_Suprapermafrost_subaerial_taliks_central_Yakutia_Shestakovka_River_basin,RUS,2D,Not specified,No,Zondres2d,Not specified,Not specified,No,n/a,n/a,Not specified,No,No,
Geophysical investigation and InSAR mapping of permafrost and ground movement at the Iqaluit airport,﻿Leblanc et al.,2012,https://doi.org/10.1061/9780784412473.064,CAN,2D,Pole-pole (other),No,﻿RES2DINV,Not specified,Not specified,No,n/a,n/a,Not specified,No,No,
﻿A distributed temperature profiling method for assessing spatial variability in ground temperatures in a discontinuous permafrost region of Alaska,﻿Léger et al.,2019,﻿https://doi.org/10.5194/tc-13-2853-2019,USA,2D,Dipole-dipole,No,BERT,Not specified,Not specified,No,n/a,n/a,Not specified (but contour drawn),No,No,
Quantification of Arctic soil and permafrost properties using ground-penetrating radar and electrical resistivity tomography datasets,﻿Léger et al.,2017,https://doi.org/10.1109/JSTARS.2017.2694447,USA,2D,Dipole-dipole,No,BERT,L2,Not specified,Yes,"Both: Absolute error ( 9), RMS ( 9), other metrics also used","13, 10, 10, 11, 10, 10, 6.2, 4.1, 2.15, 9.6, 8.6, 8.5, 8.7, 8.5, 8.5, 4.5, 2.4, 2.1",Not specified,No,No,
"Internal structure of the Green Lake 5 rock glacier, Colorado Front Range, USA",﻿Leopold et al.,2011,https://doi.org/10.1002/ppp.706,USA,2D,Dipole-dipole,No,﻿RES2DINV,"L2, L1",Convergence of data misfit (<3% change),Yes,RMS,"5.8, 7.9",DOI (0.2),No,No,
"﻿Mountain permafrost - a valid archive to study climate change? - Examples from the Rocky Mountains Front Range of Colorado, USA",﻿Leopold et al.,2010,https://citeseerx.ist.psu.edu/document?repid=rep1&type=pdf&doi=3475b19ff6b9aee7e3ebd2e52e624b7ff708026b,USA,2D,Wenner-A,No,Not specified,Not specified,Not specified,Yes,RMS,"5.2, 21.1, 5.2",Not specified,No,Yes,
﻿Subsurface architecture of the Boulder Creek Critical Zone Observatory from electrical resistivity tomography,﻿Leopold et al.,2013,https://doi.org/10.1002/esp.3420,USA,2D,Wenner-A,No,RES2DINV,L2,Convergence of data misfit (<3% change),Yes,RMS (not given for each profile),"8.5, 3.7",DOI (0.2),No,No,
"Characteristics of discontinuous permafrost based on ground temperature measurements and electrical resistivity tomography, Southern Yukon, Canada",﻿Lewkowicz et al.,2011,https://doi.org/10.1002/ppp.703,CAN,2D,Wenner-A,No,﻿RES2DINV,L1,Not specified,Yes,RMS,"6.8, 3.6, 12.3, 9.4, 5.5, 6.2, 6.0, 3.8, 4.3, 4.8, 4.4",Not specified,No,No,
﻿A newly integrated ground temperature dataset of permafrost along the China-Russia crude oil pipeline route in Northeast China,﻿Li et al.,2022,﻿https://doi.org/10.5194/essd-14-5093-2022,CHN,2D,Wenner-Schlumberger,No,Not specified,L2,Not specified,Yes,RMS,"2.5, 3.0, 2.6, 3.27, 2.46, 2.68",Not specified,No ,No,
﻿Investigation of permafrost engineering geological environment with electrical resistivity tomography: A case study along the China-Russia crude oil pipelines,﻿Li et al.,2021,https://doi.org/10.1016/j.enggeo.2021.106237,CHN,2D,Wenner-Schlumberger,No,RES2DINV?,L2,Not specified,Yes,RMS,"2.58, 8.18, 2.85, 3.59, 1.77, 6.65, 1.90, 1.78",Not specified,No,No,
﻿Transitional rock glaciers at sea level in northern Norway,﻿Lilleøren et al.,2022,﻿https://doi.org/10.5194/esurf-10-975-2022,NOR,2D,Not specified,No,RES2DINV ,Not specified,Not specified,Yes,Absolute error,5.5,Not specified,No,No,
﻿Three-dimensional numerical modeling of cryo-hydrogeological processes in a river-talik system in a continuous permafrost environment,﻿Liu et al.,2022,https://doi.org/10.1029/2021WR031630,CAN,2D,Not specified,No,Not specified,Not specified,Not specified,No,n/a,n/a,Not specified,No,No,
"﻿A conceptual model for talik dynamics and icing formation in a river floodplain in the continuous permafrost zone at Salluit, Nunavik (Quebec), Canada",﻿Liu et al.,2021,https://doi.org/10.1002/ppp.2111,CAN,2D,Wenner-A,No,RES2DINV,L2,Not specified,Yes,RMS,30.3,Not specified,No,No,
Understory vegetation mediates permafrost active layer dynamics and carbon dioxide fluxes in open-canopy larch forests of northeastern Siberia,﻿Loranty et al.,2018,https://doi.org/10.1371/journal.pone.0194014,RUS,2D,Wenner-Schlumberger,No,﻿RES2DINV,L1,5 iterations,No,n/a,n/a,Not specified,No,No,
"﻿Assessment of permafrost distribution in the Mont Blanc Massif steep rock walls by a combination of temperature measurements, modelling and geophysics",Magnin et al.,2014,https://doi.org/10.1007/978-3-319-09300-0_45,FRA,2D,Wenner-A,No,RES2DINV,L1,5 iterations,Yes,RMS,"3.5, 6.7, 10, 7.3, 7.2",Not specified,No,No,
﻿Modelling rock wall permafrost degradation in the Mont Blanc massif from the LIA to the end of the 21st century,Magnin et al.,2017,﻿https://doi.org/10.5194/tc-11-1813-2017,FRA,2D,Not specified,No,Not specified,Not specified,Not specified,No,n/a,n/a,Not specified,No,No,
"Determination of warm, sensitive permafrost areas in near-vertical rockwalls and evaluation of distributed models by electrical resistivity tomography",Magnin et al.,2015,https://doi.org/10.1002/2014JF003351,FRA,2D,Wenner-A,No,RES2DINV,L1,5 iterations,Yes,RMS,"3.5, 8.0, 4.0, 7.4, 12.2, 8.4, 4.1",Model covariance matrix,No,Yes,
"﻿Variations of permafrost under freezing and thawing conditions in the coastal catchment Fuglebekken (Hornsund, Spitsbergen, Svalbard)",﻿Majdański et al.,2022,https://doi.org/10.1002/ppp.2147,SJM,2D,Not specified,No,Not specified,Not specified,Not specified,No,n/a,n/a,Not specified,No,No,
﻿A temperature-dependent mechanical model to assess the stability of degrading permafrost rock slopes,﻿Mamot et al.,2021,﻿https://doi.org/10.5194/esurf-9-1125-2021,DEU,2D,"Wenner-A, Wenner-Schlumberger",No,RES2DINV ,L1,Not specified,Yes,Absolute error,"11.5, 12.0",Not specified,No,Yes,
"﻿Investigating the slope failures at the Lou rock glacier front, French Alps",﻿Marcer et al.,2020,https://doi.org/10.1002/ppp.2035,FRA,2D,Wenner-A,No,RES2DINV,Not specified,Not specified,Yes,Absolute error,"5.4, 6.3, 5, 6",Not specified,No,No,
﻿Assessing reliability of 2D resistivity imaging in mountain permafrost studies using the depth of investigation index method,﻿Marescot et al.,2003,https://doi.org/10.3997/1873-0604.2002007,CHE,2D,Wenner-Schlumberger,No,RES2DINV,L1,Convergence of data misfit (<5% change),Yes,RMS,"3.0, 2.4, 3.5, 4.3, 2.9, 1.6",DOI,No,No,
﻿Resistivity and induced polarization surveys for slope instability studies in the Swiss Alps,﻿Marescot et al.,2008,https://doi.org/10.1016/j.enggeo.2008.01.010,CHE,2D,Wenner-Schlumberger,No,RES2DINV,Not specified,Not specified,Yes,RMS,"2.1, 4.0, 1.9, 2.0, 2.6, 2.0, 2.3",Not specified,No,No,
﻿Towards accurate quantification of ice content in permafrost of the Central Andes - Part 2: An upscaling strategy of geophysical measurements to the catchment scale at two study sites,﻿Mathys et al.,2022,https://doi.org/10.5194/tc-16-2595-2022,CHL,2D,Wenner-A,No,﻿RES2DINV,L1,Not specified,Yes,Absolute error,"9.6, 3.0, 7.7, 6.0, 7.0, 2.6, 3.6, 4.0, 7.9, 9.8, 2.3, 1.8, 11.3, 1.1, 2.8, 1.3, 2.1, 6.1, 2.3, 2.4, 2.3, 4.6",Not specified,No,No,
Instruments and methods: Geophysical imaging of alpine rock glaciers,﻿Maurer and Hauck,2007,https://doi.org/10.3189/172756507781833893,CHE,2D,Wenner-A,No,﻿RES2DINV,Not specified,Not specified,No,n/a,n/a,Not specified,No,No,
Geophysical imaging of discontinuous permafrost in Northwest Canada ,﻿McClymont et al.,2010,https://doi.org/10.3997/2214-4609.20144802,CAN,2D,Dipole-dipole,No,﻿RES2DINV ,L2,Not specified,No,n/a,n/a,DOI (> 0.2),No,No,
Geophysical imaging and thermal modeling of subsurface morphology and thaw evolution of discontinuous permafrost,﻿McClymont et al.,2013,https://doi.org/10.1002/jgrf.20114,CAN,2D,﻿Dipole-dipole,Yes,﻿RES2DINV,"L1 model, unknown data",Convergence of data misfit ,Yes,RMS (not given for each profile),"2, 4",DOI,No,No,
"﻿Factors influencing the ground thermal regime in a mid-latitude glacial cirque (Hoyo Empedrado, Cantabrian Mountains, 2006–2020)",﻿Melón-Nava et al.,2022,https://doi.org/10.1016/j.catena.2022.106110,ESP,2D,Wenner-Schlumberger,No,RES2DINV,Not specified,Not specified,Yes,Absolute error,44.4,Not specified,No,No,
"﻿Satellite-based interferometric monitoring of deformation characteristics and their relationship with internal hydrothermal structures of an earthflow in Zhimei, Yushu, Qinghai-Tibet Plateau",﻿Meng et al.,2022,https://doi.org/10.1016/j.rse.2022.112987,CHN,2D,Wenner-A,No,RES2DINV,L2,Not specified,Yes,RMS,"7.0, 9.0, 6.2, 10",Not specified,No,No,
﻿Multidisciplinary geophysical investigations over an alpine rock glacier,﻿Merz et al.,2016,https://doi.org/10.1190/geo2015-0157.1,CHE,"2D, grid 3D","Wenner-A, dipole-dipole, gradient (other)",No,﻿BERT,Not specified,Not specified,No,n/a,n/a,Not specified,No,No,
Resolution capacity of geophysical monitoring regarding permafrost degradation induced by hydrological processes,﻿﻿Mewes et al.,2017,﻿https://doi.org/10.5194/tc-11-2957-2017,CHE,2D,"Wenner-A, Wenner-Schlumberger",No,﻿RES2DINV ,L1 (see Hilbich et al. (2009)),Not specified,Yes,Absolute error,"6.9, 13.6, 14.3",Not specified,Yes,Yes,
﻿Rapid and gradual permafrost thaw: A tale of two sites,﻿Minsley et al.,2022,﻿10.1029/2022GL100285,USA,2D,Dipole-dipole,No,﻿ResIPy,Not specified,Not specified,Yes,RMS,"1.02, 1.16, 1.21, 1.04, 1.01",Not specified,No,Yes,
Evidence for nonuniform permafrost degradation after fire in boreal landscapes,﻿Minsley et al.,2016,﻿doi:10.1002/2015JF003781.,USA,2D,Dipole-dipole,No,﻿EarthImager,Not specified,Not specified,Yes,Not specified for each profile,n/a,Model sensitivity analysis,No,No,
Analysis procedures of an ert monitoring network to assess mountain permafrost degradation rate,﻿Mollaret et al.,2017,https://doi.org/10.3997/2214-4609.201701997,"CHE, FRA",2D,"Wenner-A, Wenner-Schlumberger",No,Not specified,Not specified,Not specified,No,n/a,n/a,Not specified,No,Yes,
Mountain permafrost degradation documented through a network of permanent electrical resistivity tomography sites,﻿Mollaret et al.,2019,﻿https://doi.org/10.5194/tc-13-2557-2019,"CHE, ITA",2D,"Wenner-A, Wenner-Schlumberger",No,﻿RES2DINV,L1,3 iterations,Yes,Absolute error,"2.1, 10.5, 5.0, 7.8, 2.6, 13.7",Not specified,No,Yes,
"Petrophysical joint inversion applied to Alpine permafrost field sites to image subsurface ice, water, air, and rock contents",﻿Mollaret et al.,2020,https://doi.org/10.3389/feart.2020.00085,"CHE, ITA",2D,"Wenner-A, Wenner-Schlumberger",No,PyGIMLi,L2,Data fit achieved,Yes,RMS,"3.3, 7.2, 2.0, 1.9, 6.6 ",Not specified,No,No,
"﻿Broadband spectral induced polarization for the detection of Permafrost and an approach to ice content estimation – a case study from Yakutia, Russia",﻿Mudler et al.,2022,﻿https://doi.org/10.5194/tc-16-4727-2022,RUS,2D,Not specified,No,Not specified,Not specified,Not specified,No,n/a,n/a,Not specified,No,No,
"﻿Comparison of simulated 2D temperature profiles with time-lapse electrical resistivity data at the schilthorn crest, Switzerland",﻿Noetzli et al.,2008,﻿https://doi.org/10.5167/uzh-3096,CHE,2D,Not specified,No,﻿RES2DINV,Not specified,Not specified,Yes,RMS,"5.5, 7.9, 8.7, 7.8, 6.8",Not specified,No,Yes,
﻿Geophysical imaging of permafrost conditions along the northern Yukon Alaska Highway,﻿Oldenborger et al.,2015,https://www.kz.srk.com/sites/default/files/file/CStevens_YukonAlaskaHighway_2015.pdf,CAN,2D,Not specified,No,Not specified,Not specified,Not specified,No,n/a,n/a,Not specified,No,No,
"Geophysical monitoring of permafrost conditions at Iqaluit International Airport, Baffin Island, Nunavut",﻿Oldenborger et al.,2014,https://m.cngo.ca/wp-content/uploads/Summary-of-Activities-2013-P14.pdf,CAN,2D,Not specified,No,﻿RES2DINV? ,L2,Not specified,No,n/a,n/a,Not specified (but contour drawn),No,Yes,
"﻿Geophysical characterization of permafrost terrain at Iqaluit International Airport, Nunavut",﻿Oldenborger et al.,2015,https://doi.org/10.1016/j.jappgeo.2015.09.016,CAN,2D,Dipole-dipole,No,RES2DINV?,Soft L1,Data fit achieved (<3% error) or convergence of data misfit (<5% change),Yes,Not specified,"29, 7, 3, 3, 3, 3, 3, 3","Resolution matrix, DOI",No,No,
Monitoring changes in unfrozen water content with electrical resistivity surveys in cold continuous permafrost,﻿Oldenborger and LeBlanc,2018,https://doi.org/10.1093/gji/ggy321,CAN,2D,"Wenner-A, non-conventional dipole-dipole",Yes,﻿RES2DINV? ,"L2 data, L2 model",Data fit to within noise levels,No,n/a,n/a,Model resolution matrix (>0.003%),No,Yes,
﻿Electrical conductivity and ground displacement in permafrost terrain,﻿Oldenborger et al.,2020,https://doi.org/10.1016/j.jappgeo.2020.104148,CAN,2D,﻿Multiple gradient array (other),No,RES2DINV?,"L2 data, L2 model",Data fit achieved (<5% error),No,n/a,n/a,Model resolution matrix,No,Yes,
﻿Electrical geophysics for assessing permafrost conditions along highway infrastructure,﻿Oldenborger et al.,2012,https://doi.org/10.4133/1.4721778,CAN,2D,﻿Non-standard dipole-dipole,No,Not specified,Not specified,Not specified,Yes,RMS,"8, 7",Not specified (but contour drawn),No,No,
"Delineation of permafrost and ice-rich terrain within fine-grained sediments using electrical resistivity, Yellowknife ,Northwest Territories",﻿Oldenborger,2016,https://www.researchgate.net/profile/Greg-Oldenborger/publication/329253835_Delineation_of_permafrost_and_ice-rich_terrain_within_fine-grained_sediments_using_electrical_resistivity_Yellowknife_Northwest_Territories/links/5bfef645a6fdcc1b8d49f1c4/Delineation-of-permafrost-and-ice-rich-terrain-within-fine-grained-sediments-using-electrical-resistivity-Yellowknife-Northwest-Territories.pdf,CAN,2D,Not specified,No,Not specified,Not specified,Not specified,No,n/a,n/a,Not specified (but contour drawn),No,No,
﻿Anthills as possible bioindicators of talik zones,﻿Olenchenko,2014,https://www.researchgate.net/profile/Vladimir-Olenchenko-2/publication/293124252_Anthills_as_possible_bioindicators_of_talik_zones/links/58985488aca2721f0daefd3f/Anthills-as-possible-bioindicators-of-talik-zones.pdf,RUS,2D,Not specified,No,Not specified,Not specified,Not specified,No,n/a,n/a,Not specified,No,No,
﻿Electrical resistivity tomography of alluvial deposits during prospecting for placer gold,﻿Olenchenko and Osipova,2022,https://doi.org/10.2113/RGG20204203,RUS,"2D, pseudo 3D","Wenner-Schlumberger, dipole-dipole",No,"RES2DINV, RES3DINV",Not specified,Not specified,No,n/a,n/a,Not specified,Yes,No,
"﻿The structure of a site with thermo-suffosion processes within bestyakh terrace of the lena river, according to geophysical data",﻿Olenchenko et al.,2017,https://www.researchgate.net/profile/Vladimir-Olenchenko-2/publication/324925433_The_structure_of_a_site_with_thermo-suffosion_processes_within_Bestyakh_terrace_of_the_Lena_River_according_to_geophysical_data/links/5c428f83a6fdccd6b5b7e6b7/The-structure-of-a-site-with-thermo-suffosion-processes-within-Bestyakh-terrace-of-the-Lena-River-according-to-geophysical-data.pdf,RUS,"2D, pseudo 3D",﻿Forward and reverse pole-dipole (other),No,"RES2DINV, RES3DINV",Not specified,Not specified,No,n/a,n/a,Not specified,No,No,
﻿Geoelectrical characteristics of Samoylov Island coastline (Lena River Delta),﻿Olenchenko et al.,2018,https://doi.org/10.18303/2619-1563-2018-4-5,RUS,2D,"Dipole-dipole, Wenner-Schlumberger, combined",No,RES2DINV,Not specified,Not specified,No,n/a,n/a,Not specified,No,No,
﻿Internal structure and permafrost characteristics of the rock glaciers of Southern Carpathians (Romania) assessed by geoelectrical soundings and thermal monitoring,﻿Onaca et al.,2013,https://doi.org/10.1111/geoa.12014,ROU,2D,"Wenner-A, Wenner-Schlumberger, dipole-dipole",No,RES2DINV,L2,Not specified,Yes,RMS,"3.7, 4.0, 7.3, 5.9, 4.9, 5.6, 6.5, 5.2, 3.7",Not specified,No,No,
"Detection of mountain permafrost by combining conventional geophysical methods and thermal monitoring in the Retezat Mountains, Romania",﻿Onaca et al.,2015,https://doi.org/10.1016/j.coldregions.2015.08.001,ROU,2D,Wenner-A,No,Not specified,Not specified,Not specified,Yes,RMS,"5.7, 7.3, 5.7",Not specified,No,No,
﻿Assessement of internal structure of periglacial landforms from southern Carpathians (Romania) using DC resistivity tomography,﻿Onaca et al.,2013,https://www.researchgate.net/profile/Petru-Urdea/publication/257939601_Assessement_of_internal_structure_of_periglacial_landforms_from_southern_carpathians_romania_using_dc_resistivity_tomography/links/566858fd08ae193b5fa03a2d/Assessement-of-internal-structure-of-periglacial-landforms-from-southern-carpathians-romania-using-dc-resistivity-tomography.pdf,ROU,2D,"Wenner-A, dipole-dipole",No,RES2DINV,L2,Not specified,Yes,RMS,"7.5, 8.4, 9.2, 10.7, 3.7, 6.8",not specified,No,No,
﻿Comparing geophysical methods for talus slope investigations in the Turtmann valley (Swiss Alps),﻿Otto and Sass,2006,https://doi.org/10.1016/j.geomorph.2005.11.008,CHE,2D,Wenner-A,No,RES2DINV,Not specified,Not specified,Yes,Absolute error,"7.9, 9.4",not specified,No,No,
Permafrost-glacier interaction – process understanding of permafrost reformation and degradation,﻿Otto and Keuschnig,2014,https://www.researchgate.net/profile/Jan-Christoph-Otto/publication/260282318_Permafrost-Glacier_Interaction_-_Process_Understanding_of_Permafrost_Reformation_and_Degradation/links/00b7d530775914e47e000000/Permafrost-Glacier-Interaction-Process-Understanding-of-Permafrost-Reformation-and-Degradation.pdf,AUT,2D,Not specified,No,﻿RES2DINV,Not specified,Not specified,Yes,RMS,"2.6, 3.3",Not specified,No,No,
"﻿Detection of mountain permafrost by combining high resolution surface and subsurface information - an example from the Glatzbach catchment, Austrian Alps",﻿Otto et al.,2012,https://doi.org/10.1111/j.1468-0459.2012.00455.x,AUT,2D,Not specified,No,RES2DINV,Not specified,Not specified,Yes,RMS,"4.8, 3.6",Not specified,No,No,
﻿Permafrost monitoring at Mölltaler Glacier and Magnetköpfl,﻿Ottowitz et al.,2011,https://orbi.uliege.be/bitstream/2268/121461/1/Berichte_93#page=57,AUT,2D,Not specified,No,Not specified,Not specified,Not specified,No,n/a,n/a,Not specified,No,Yes,
﻿Application of electrical resistivity tomography (ERT) in the study of various types of slope deformations in anisotropic bedrock: Case studies from the Flysch Carpathians,﻿Pánek et al.,2008,https://www.igipz.pan.pl/tl_files/igipz/ZGiHGiW/sgcb/sgcb_42/sgcb_42_04,CZE,2D,Wenner-Schlumberger,No,RES2DINV,Not specified,not specified,Yes,RMS,"12.0, 5.1, 4.5, 3.9, 9.9, 6.0, 8.5, 8.4, 14.2, 3.8, 2.4, 3.6, 3.8, 4.8, 3.6 ",Not specified,No,No,
"﻿Application of electrical imaging techniques for the investigation of natural dams: an example from the Thulagi Glacier Lake, Nepal",﻿Pant and Reynolds,2000,https://doi.org/10.3126/jngs.v22i0.32348,NPL,2D,Wenner-Schlumberger,No,RES2DINV,L2,Not specified,Yes,RMS,"3.5, 4.7, 3.7, 2.7, 2.5, 2.8",Not specified,No,No,
"Electrical and electromagnetic geophysical prospecting for the monitoring of rock glaciers in the Dolomites, northeast Italy",﻿Pavoni et al.,2021,https://doi.org/10.3390/s21041294,ITA,2D,﻿Dipole-Dipole,Yes,R2/RESIPY,Not specified,Not specified,Yes,Not specified for each profile,RMS <1,Not specified,No,No,
Absence of ice-bonded permafrost beneath an Arctic lagoon revealed by electrical geophysics,﻿Pedrazas et al.,2020,https://doi.org/10.1126/sciadv.abb5083,USA,2D,"Dipole-dipole, Wenner-Schlumberger, combined",No,"﻿RES2DINV, ﻿EarthImager 2D",L1,Convergence of data misfit (<5% change),Yes,RMS,"1.2, 7.2, 4.0, 4.9, 7.9, 1.7, 1.7, 4.4, 2.5",Resolution matrix,Yes,No,
Soil moisture data for the validation of permafrost models using direct and indirect measurement approaches at three alpine sites,﻿Pellet et al.,2016,https://doi.org/10.3389/feart.2015.00091,"CHE, ITA",2D,Not specified,No,﻿RES2DINV,L1,Not specified,No,n/a,n/a,Not specified,No,Yes,
﻿Permafrost evolution in a mountain catchment near Santiago de Chile,﻿Pereira et al.,2021,https://doi.org/10.1016/j.jsames.2021.103293,CHL,2D,﻿Dipole-dipole,No,﻿ZOND RES,L2,Not specified,No,n/a,n/a,Not specified,No,No,
"﻿Brief communication: Combining borehole temperature, borehole piezometer and cross-borehole electrical resistivity tomography measurements to investigate changes in ice-rich mountain permafrost [PREPRINT]",﻿Phillips et al.,2022,﻿https://doi.org/10.5194/tc-2022-165,CHE,2D cross borehole,Dipole-dipole,Yes,﻿ResIPy,Not specified,Not specified,Yes,RMS,"1.06, 1.04",Not specified,No,Yes,
﻿Hidden soils and their carbon stocks at high-elevation in the European Alps (North-West Italy),﻿Pintaldi et al.,2021,https://doi.org/10.1016/j.catena.2020.105044,ITA,2D,Not specified,No,Not specified,Not specified,Not specified,Yes,Absolute error,"5.3, 6.2, 6.0, 4.9",Not specified,No,No,
"﻿Warming permafrost and active layer variability at Cime Bianche, Western European Alps",﻿Pogliott et al.,2015,https://doi.org/10.5194/tc-9-647-2015,ITA,2D,Wenner-Schlumberger,No,RES2DINV,L1,Not specified,No,n/a,n/a,Not specified,No,Yes,
Permafrost research in the granitic massifs of Southern Carpathians (Paräng Mountains),﻿Popescu et al.,2015,https://doi.org/10.1127/0372-8854/2014/0145,ROU,2D,"Wenner-A, Wenner-Schlumberger",No,﻿RES2DINV,Not specified,Not specified,Yes,RMS,"6.3, 5.2",Not specified,No,No,
Low-altitude permafrost research in an overcooled talus slope–rock glacier system in the Romanian Carpathians (Detunata Goală Apuseni Mountains),﻿Popescu et al.,2017,https://doi.org/10.1016/j.geomorph.2017.07.029,ROU,2D,Wenner-A,No,﻿RES2DINV,L1,Convergence of data misfit ,Yes,RMS,"7.3, 4.1",Not specified,No,Yes,
"Characterizing permafrost valley fills along the Alaska Highway, southwest Yukon",﻿Pumple et al.,2015,https://members.cgs.ca/documents/conference2015/GeoQuebec/papers/283.pdf,CAN,2D,Wenner-A,No,﻿RES2DINV,Not specified,Not specified,Yes,Absolute error,"1.9, 2.1, 2.0",Not specified,No,No,
"﻿Recent evolution of an ice-cored moraine at the Gentianes Pass, Valais Alps, Switzerland","﻿Ravanel, Ludovic et al.",2018,https://doi.org/10.1002/ldr.3088,CHE,2D,Wenner-Schlumberger,No,﻿RES2DINV,Not specified,Not specified,No,n/a,n/a,Not specified,No,No,
﻿Permafrost detection with remote sensing and geophysics on the Tibetan Plateau,"﻿Reinosch, Eike et al.",2020,https://doi.org/10.15488/9352,CHN,2D,Not specified,No,﻿RES2DINV,Not specified,Not specified,Yes,Absolute error,"2.4, 4.7",Not specified,No,No,
"﻿Characteristics and evolution of bedrock permafrost in the Sisimiut mountain area , West Greenland [PREPRINT]",﻿Revil and Ingeman-nielsen,2022,﻿https://doi.org/10.5194/tc-2022-189,GRL,2D,Wenner-A,No,RES2DINV,L2,3 iterations,No,n/a,n/a,Not specified,No,No,
﻿Glacier/permafrost relationships in forefields of small glaciers (Swiss Alps),﻿Reynard et al.,2003,https://www.arlis.org/docs/vol1/ICOP/55700698/Pdf/Chapter_166.pdf,CHE,2D,Wenner-Schlumberger,No,Not specified,Not specified,Not specified,Yes,RMS,"3.5, 8.9",Not specified,No,No,
﻿The internal structure of rock glaciers and recently deglaciated slopes as revealed by geoelectrical tomography: insights on permafrost and recent glacial evolution in the Central and Western Alps (Italy-France),﻿Ribolini et al.,2010,https://doi.org/10.1016/j.quascirev.2009.10.008,"ITA, FRA",2D,"Wenner-A, dipole-dipole, pole-dipole (other)",No,﻿TomoLab,L2,Not specified,Yes,Chi2,"0.8, 1.1, 0.6, 0.4, 1.0, 0.8, 0.7, 0.7, 0.8, 1.4, 1.0 ",Not specified,No,No,
"﻿Relationships between glacier and rock glacier in the Maritime Alps, Schiantala Valley, Italy",﻿Ribolini et al.,2007,https://doi.org/10.1016/j.yqres.2007.08.004,ITA,2D,"Wenner-A, dipole-dipole, combined",No,﻿TomoLab,Not specified,Not specified,No,n/a,n/a,Not specified,No,No,
"Permafrost mapping using quasi-3D resistivity imaging, Murtèl, Swiss Alps",﻿Rödder and Kneisel,2012,https://doi.org/10.3997/1873-0604.2011029,CHE,"2D, pseudo 3D","Wenner-A, Wenner-Schlumberger, combined",No,RES3DINV,"L2, L1",5 iterations,Yes,"Both: Absolute error ( 2), RMS ( 4) ","4.7, 2.6, 5.18, 6.62, 6.12, 8.94",Not specified,No,No,
"Permafrost distribution and conditions at the headwalls of two receding glaciers (Schladminger and Hallstadt glaciers) in the Dachstein Massif, Northern Calcareous Alps, Austria",﻿Rode et al.,2019,﻿https://doi.org/10.5194/tc-14-1173-2020,AUT,2D,Wenner-A,No,﻿RES2DINV,L1,Not specified,Yes,Absolute error,"12.1, 9.8, 15.5, 10.8, 13.0, 6.5",DOI,Yes,No,
"Internal structure of open system pingos, adventdalen, svalbard: The use of resistivity tomography to assess ground-ice conditions",﻿Ross et al.,2007,https://doi.org/10.2113/JEEG12.1.113,NOR,2D,Wenner-A,No,RES2DINV,L2,Not specified,Yes,RMS,"5.3, 4.0, 3.8",Not specified,No,No,
Automatic filtering of ERT monitoring data in mountain permafrost,﻿Rosset et al.,2013,https://doi.org/10.3997/1873-0604.2013003,CHE,2D,"Wenner-A, Wenner-Schlumberger, dipole-dipole",No,﻿RES2DINV,L1 (see Hilbich et al. (2009)),Convergence of data misfit,Yes,Absolute error,"34.0, 32.1, 29.4, 16.3, 10.4, 7.7, 6.6, 6.0",Not specified,No,Yes,
"﻿Geophysical and geocryological investigation of active layer along the North Russian Railway (Khanovey, Russia)",﻿Rossi et al.,2021,https://doi.org/10.3997/2214-4609.202152171,RUS,2D,"Dipole-dipole, pole-dipole (other), combined",No,"﻿ERTLab3D, ViewLab3D",Not specified,Not specified,No,n/a,n/a,Not specified,No,No,
"﻿Active layer and permafrost investigations using geophysical and geocryological methods—A case study of the Khanovey Area, near Vorkuta, in the NE European Russian Arctic",﻿Rossi,2022,https://doi.org/10.3389/feart.2022.910078,RUS,"2D, interpolated 2D","Dipole-dipole, pole-dipole (other), combined",Yes,"﻿ERTLab3D, ViewLab3D, RES2DINV",Not specified,Not specified,No,n/a,n/a,Not specified,No,No,
"﻿Determination of the internal structure of alpine talus deposits using different geophysical methods (Lechtaler Alps, Austria)",﻿Sass,2006,https://doi.org/10.1016/j.geomorph.2005.09.006,AUT,2D,Wenner-A,No,RES2DINV,Not specified,Not specified,Yes,RMS,"1.6, 1.2 ",Not specified,No,No,
﻿4D quantification of alpine permafrost degradation in steep rock walls using a laboratory-calibrated electrical resistivity tomography approach,﻿Scandroglio et al.,2021,https://doi.org/10.1002/nsg.12149,CHE,"2D, pseudo 3D",Wenner-A,No,﻿BERT,"L1 data, L1 model",5 iterations or until data fit is achieved,Yes,Precise values not given,,Not specified,No,Yes,
﻿The contribution of electrical resistivity tomography (ERT) in alpine dynamics geomorphology: case studies from the Swiss Alps,﻿Scapozza and Laigre,2014,https://doi.org/10.4000/geomorphologie.10474,CHE,2D,Not specified,No,RES2DINV,L1,Data fit achieved (<5% error),Yes,Absolute error,"1.72, 1.72, 6.4, 2.6",Not specified,Yes,No,
"Internal structure and permafrost distribution in two alpine periglacial talus slopes, Valais, Swiss Alps",﻿Scapozza et al.,2011,https://doi.org/10.1016/j.geomorph.2011.05.010,CHE,2D,Wenner-Schlumberger,No,RES2DINV,L1,Not specified,Yes,"Both: Absolute error ( 7), RMS ( 7)","3.5, 1.5, 2.0, 2.2, 3.1, 2.3, 6.1, 1.7, 2.6, 1.5, 6.8, 5.7, 1.9, 1.8",Not specified,No,No,
Meltwater infiltration into the frozen active layer at an alpine permafrost site,﻿Scherler et al.,2010,https://doi.org/10.1002/ppp.694,CHE,2D,Wenner-A,Not specified,﻿RES2DINV,L2,Not specified,No,n/a,n/a,Not specified,No,Yes,
"﻿A spatial and temporal analysis of different periglacial materials by using geoelectrical, seismic and borehole temperature data at Murtel-Corvatsch,  Upper Engadin,  Swiss Alps",﻿Schneider et al.,2013,https://doi.org/10.5194/gh-68-265-2013,CHE,2D,Wenner-A,No,RES2DINV,L1,Not specified,Yes,Absolute error,"6.6, 3.2, 2.0, 2.8, 2.6, 7.8, 3.0, 2.9, 3.1, 2.0, 2.6, 4.1, 2.3, 3.9, 2.3, 2.6, 5.7, 3.7, 6.0, 9.0, 7.7, 9.0, 10.5, 18.7, 10.3, 4.6, 7.6, 6.9, 4.9",Not specified,No,Yes,
"State of high-altitude permafrost on tropical Maunakea volcano, Hawaii",﻿Schorghofer et al.,2017,https://doi.org/10.1002/ppp.1954,USA,2D,"Wenner-A, dipole-dipole, combined",No,﻿RES2DINV,Not specified,Convergence of data misfit,Yes,Absolute error,"8.9, 9.5, 10.5",DOI,No,No,
Optimisation of quasi-3D electrical resistivity imaging – application and inversion for investigating heterogeneous mountain permafrost [PREPRINT],﻿Schwindt and Kneisel,2011,https://doi.org/10.5194/tcd-5-3383-2011,CHE,Pseudo 3D,"Wenner-A, Wenner-Schlumberger, dipole-dipole",No,﻿RES3DINV,L1,5 iterations,No,n/a,n/a,Not specified,Yes,No,
"﻿UAS-based change detection of the glacial and proglacial transition zone at Pasterze Glacier, Austria",﻿Seier et al.,2017,https://doi.org/10.3390/rs9060549,AUT,2D,"Wenner-A, Wenner-Schlumberger, dipole-dipole, combined",No,RES2DINV,L1,Not specified,Yes,RMS,"8.9, 4.6, 4.9, 7.1",Not specified,No,No,
"﻿Talus slope evolution under the influence of glaciers with the example of slopes near the Hans Glacier, SW Spitsbergen, Norway",﻿Senderak et al.,2017,https://doi.org/10.1016/j.geomorph.2017.02.023,SJM,2D,Wenner-Schlumberger,No,﻿RES2DINV,L2,Not specified,Yes,RMS,"4.9, 4.9, 3.3",Not specified,No,No,
"﻿Postglacial talus slope development imaged by the ERT method: Comparison of slopes from SW Spitsbergen, Norway and Tatra Mountains, Poland",﻿Senderak et al.,2019,https://doi.org/10.1515/geo-2019-0084,"NOR, POL",2D,Wenner-Schlumberger,No,﻿RES2DINV,Not specified,Not specified,Yes,RMS,"4.9, 4.1, 5.3",Not specified,No,No,
﻿Processes controlling the development of talus slopes in SW Spitsbergen: The role of deglaciation and periglacial conditions,﻿Senderak et al.,2021,https://doi.org/10.1002/ldr.3716,SJM,2D,Wenner-Schlumberger,No,﻿RES2DINV,L2,Not specified,Yes,RMS,"4.8, 5.0, 6.6, 6.7, 3.7",Not specified,No,No,
"Arctic rockwall retreat rates estimated using laboratory-calibrated ERT measurements of talus cones in Longyeardalen, Svalbard",﻿Siewert et al.,2012,https://doi.org/10.1002/esp.3297,NOR,2D,Wenner-A,No,﻿RES2DINV,L1,Not specified,Yes,Absolute error,"10.1, 5.2, 4.0, 2.5, 3.3, 2.9",﻿Model covariance matrix,No,No,
Geophysical mapping of palsa peatland permafrost,﻿Sjöberg et al.,2015,https://doi.org/10.5194/tc-9-465-2015,SWE,2D,Wenner-A,No,﻿RES2DINV,L2,Convergence of data misfit (<5% change),Yes,RMS,"6.8, 5.4, 5.6",DOI,No,No,
"﻿Geophysical approach to the study of a periglacial blockfield in a mountain area (Ztracené kameny, Eastern Sudetes, Czech Republic)",﻿Stan et al.,2017,https://doi.org/10.1016/j.geomorph.2016.12.004,CZE,2D,"Wenner-A, ﻿dipole-dipole",No,RES2DINV,"L2, L1",Not specified,Yes,RMS,"3.3, 9.0, 1.2, 1.2, 4.2, 1.95, 1.9",Not specified,No,No,
Improved estimation of ice and water contents in Alpine permafrost through constrained petrophysical joint inversion: The Hoher Sonnblick case study,﻿Steiner et al.,2021,https://doi.org/10.1190/geo2020-0592.1,AUT,2D,"﻿Multiple gradient (other), dipole-dipole ",Yes,PyGIMLi,"L2 data, L2 model",Not specified,Yes,chi2,0.8 - 1.2,Not specified,No,No,
"An undercooled scree slope detected by geophysical investigations in sporadic permafrost below 1000 m ASL, Central Austria",﻿Stiegler et al.,2014,https://doi.org/10.1002/ppp.1813,AUT,2D,"Wenner-A, ﻿dipole-dipole",No,﻿RES2DINV,"L2, L1",Not specified,Yes,RMS,"4.7, 4.0, 2.5, 3.1, 2.5, 3.1, 5.2, 10.4",DOI,Yes,Yes,
"﻿Cryo-conditioned rocky coast systems: A case study from Wilczekodden, Svalbard",﻿Strzelecki et al.,2017,https://doi.org/10.1016/j.scitotenv.2017.07.009,SJM,2D,Wenner-Schlumberger,No,RES2DINV,L2,3 iterations,Yes,RMS,"6.3, 5.4, 6.9, 9.2",Not specified,No,No,
﻿Geoelectrical monitoring of frozen ground and permafrost in alpine areas: Field studies and considerations towards an improved measuring technology,﻿Supper et al.,2014,https://doi.org/10.3997/1873-0604.2013057,AUT,2D,Gradient (other),No,EarthImager,L2,Not specified,Yes,RMS,"5.9, 3.4, 24.8, 12.8, 21.3, 9.8, 18.1, 7.9, 7.4, 17.6, 7.4, 20.5, 5.8, 26.0, 3.1, 21.7, 3.5, 8.1, 22.7, 10.2, 24.1, 12.3, 21.2, 16.7, 18.1, 22.3, 19.8, 8.7, 6.1, 8.6, 7.5, 4.5, 5.0",Not specified,Yes,Yes,
"﻿Seasonal electrical resistivity surveys of a coastal bluff, Barter Island, North Slope Alaska",﻿Swarzenski et al.,2016,https://doi.org/10.2113/JEEG21.1.37,USA,2D,﻿Dipole-dipole,No,﻿EarthImager,Not specified,Data fit achieved (<10% error) or 6 iterations reached,Yes,RMS,"5.2, 6.10, 8.45, 4.83",Not specified,No,Yes,
"﻿Hydrological connectivity in a permafrost tundra landscape near vorkuta, North-European Arctic Russia",﻿Tananaev et al.,2021,https://doi.org/10.3390/hydrology8030106,RUS,2D,Pole-dipole (other),No,RES2DINV,Not specified,Not specified,No,n/a,n/a,Not specified,No,No,
"﻿Geoelectrical properties of saline permafrost soil in the Adventdalen valley of Svalbard (Norway), constrained with in-situ well data",﻿Tavakoli et al.,2021,https://doi.org/10.1016/j.jappgeo.2021.104497,SJM,2D,"Gradient (other), Wenner-A",No,"RES2DINV, ﻿AarhusINV",L2,Not specified,Yes,RMS,"2, 4, 1.7, 1.6, 2.4, 3.3, 1.6, 2.3",Block sensitivity data,No,No,
"Anatomy of terminal moraine segments and implied lake stability on Ngozumpa Glacier, Nepal, from electrical resistivity tomography (ERT)",﻿Thompson et al.,2017,https://doi.org/10.1038/srep46766,NPL,2D,Wenner-A,Yes,﻿DCIP2D,L2,Data fit achieved (<5% error),Yes,Not specified for each profile (<5% rms error),n/a,DOI,Yes,No,
﻿Spatial and temporal variations of thaw layer thickness and its controlling factors identified using time-lapse electrical resistivity tomography and hydro-thermal modeling,﻿Tran et al.,2018,https://doi.org/10.1016/j.jhydrol.2018.04.028,USA,2D,Wenner-Schlumberger,No,BERT,Not specified,Not specified,No,n/a,n/a,Not specified (but contour drawn),No,Yes,
﻿Distinct taxonomic and functional profiles of the microbiome associated with different soil horizons of a moist tussock tundra in Alaska,﻿Tripathi et al.,2019,https://doi.org/10.3389/fmicb.2019.01442,USA,2D,Not specified,No,Not specified,Not specified,Not specified,No,n/a,n/a,Not specified,No,No,
﻿Geophysical and cryostratigraphic investigations for road design in northern Alaska,﻿Trochim et al.,2016,https://doi.org/10.1016/j.coldregions.2016.08.004,USA,2D,Wenner-A,No,RES2DINV,Not specified,Not specified,Yes,RMS,"6.0, 9.0, 7.8, 4.7, 6.8, 7.9",Not specified,No,No,
"﻿Ground penetrating radar for soil-water measurement in a semi-arid climate in the Orkhon River basin, central Mongolia",﻿Tsogtbaatar et al.,2022,https://doi.org/10.1080/08123985.2021.1920833,MNG,2D,Not specified,No,Not specified,Not specified,Not specified,No,n/a,n/a,Not specified,No,No,
Geophysical monitoring shows that spatial heterogeneity in thermohydrological dynamics reshapes a transitional permafrost system,﻿Uhlemann et al.,2021,https://doi.org/10.1029/2020GL091149,USA,2D,Dipole-dipole,Yes,﻿E4D,L2,Convergence of data misfit,Yes,RMS (not given for each dataset),"1.5, 4.3",DOI (>0.15),No,Yes,
"Electrical resistivity study of permafrost on Ridnitšohkka fell in northwest Lapland, Finland",﻿Vanhala et al.,2009,https://www.geophysica.fi/pdf/geophysica_2009_45_1-2_103_vanhala.pdf,FIN,2D,Wenner-A,No,﻿RES2DINV,Not specified,Not specified,No,n/a,n/a,Not specified,No,No,
﻿Sensitivity and path dependence of mountain permafrost systems,﻿Verleysdonk et al.,2011,https://doi.org/10.1111/j.1468-0459.2011.00423.x,DEU,2D,Not specified,No,Not specified,Not specified,Not specified,No,n/a,n/a,Not specified,No,Yes,
"﻿Rock glacier activity in the Retezat Mountains, Southern Carpathians, Romania",﻿Vespremeanu-Stroe et al.,2012,https://doi.org/10.1002/ppp.1736,ROU,2D,"﻿Dipole-dipole, Wenner-Schlumberger",No,RES2DINV,Not specified,Not specified,Yes,RMS,"36.8, 31.4",Not specified,No,No,
"﻿Internal structure of a large, complex rock glacier and its significance in hydrological and dynamic behavior: A case study in the semi-arid Andes of Argentina",﻿Villarroel et al.,2022,https://doi.org/﻿10.1002/ppp.2132,ARG,2D,﻿Dipole–dipole,No,RES2DINV,Not specified,5 iterations,Yes,RMS,"9.1, 10.7, 7.3, 5.9, 8.8, 5.9, 6.0, 2.6",Not specified,No,No,
﻿Technogenic hazards of Russian north railway,﻿Vladislav et al.,2020,https://doi.org/10.1007/978-981-15-0450-1_32,RUS,2D,Wenner-A,No,Not specified,L2,Not specified,No,n/a,n/a,Not specified,No,No,
﻿New geophysical methods of investigating the nature and distribution of mountain permafrost with special reference to radiometry techniques,﻿Vonder Mühll et al.,2008,https://doi.org/10.1002/ppp.382,CHE,2D,Wenner-A,No,not specified,Not specified,not specified,Yes,RMS,4.4,Not specified,No,No,
﻿Verification of geophysical models in Alpine permafrost using borehole information,﻿Vonder Mühll et al.,2000,https://doi.org/10.3189/172756400781820057,CHE,2D,Wenner-A,No,﻿RES2DINV,Not specified,Not specified,Yes,RMS,"7.6, 7.0, 5.0",Not specified,No,No,
﻿Mapping of mountain permafrost using geophysical methods,﻿Vonder Mühll et al.,2002,https://doi.org/10.1191/0309133302pp356ra,"CHE, NOR",2D,Wenner-A,No,﻿RES2DINV,Not specified,Not specified,Yes,RMS,4.4,Not specified,No,No,
﻿Identifying hydrologic flowpaths on arctic hillslopes using electrical resistivity and self potential,﻿Voytek et al.,2016,https://doi.org/10.1190/geo2015-0172.1,USA,2D,Dipole-dipole,No,R2,Not specified,Not specified,Yes,Not specified for each profile (average of 1.1% rms error),n/a,DOI,No,No,
"﻿Quantitative imaging of water, ice and air in permafrost systems through petrophysical joint inversion of seismic refraction and electrical resistivity data",﻿Wagner et al.,2019,https://doi.org/10.1093/gji/ggz402,CHE,2D,Wenner-A,No,PyGIMLi,"L2 data, L2 model",Not specified,No,n/a,n/a,Not specified,No,No,
﻿Identifying multiscale zonation and assessing the relative importance of polygon geomorphology on carbon fluxes in an Arctic tundra ecosystem,﻿Wainwright et al.,2015,https://doi.org/10.1002/2014JG002799,USA,2D,Not specified,No,Not specified,Not specified,Not specified,No,n/a,n/a,Not specified,No,No,
﻿Decadal-scale hotspot methane ebullition within lakes following abrupt permafrost thaw,Walter ﻿Anthony et al.,2021,https://doi.org/10.1088/1748-9326/abc848,USA,2D,Not specified,No,Not specified,Not specified,Not specified,No,n/a,n/a,Not specified,No,No,
"﻿The formation of aufeis and its impact on infrastructure around Ulaanbaatar, North-Central Mongolia",﻿Walther et al.,2021,https://digitalcommons.unl.edu/biolmongol/265/,MNG,2D,"Wenner-A, Wenner-Schlumberger",No,Not specified,Not specified,Not specified,Yes,Absolute error,"10.2, 2.2",Not specified,No,No,
﻿Development of perennial thaw zones in boreal hillslopes enhances potential mobilization of permafrost carbon,﻿Walvoord et al.,2019,https://doi.org/10.1088/1748-9326/aaf0cc,USA,2D,Not specified,No,Not specified,Not specified,Not specified,No,n/a,n/a,Not specified,No,No,
﻿Permafrost warming along the Mo’he-Jiagedaqi section of the China-Russia crude oil pipeline,﻿Wang et al.,2019,﻿https://doi.org/10.1007/s11629-018-5318-2,CHN,2D,Wenner-Schlumberger,No,Not specified,Not specified,Not specified,Yes,RMS,"2.5, 3.0",Not specified,No,No,
Pipeline–permafrost interaction monitoring system along the China–Russia crude oil pipeline,﻿Wang et al.,2019,https://doi.org/10.1016/j.enggeo.2019.03.013,CHN,2D,Wenner-Schlumberger,No,Not specified,Not specified,Not specified,Yes,RMS,2.5,Not specified,No,No,
"﻿Evaluation of ground surface deformation in discontinuous permafrost regions along the China-Russia Crude Oil Pipelines , Northeast China in the northern Da Xing’anling Mountains using InSAR and ground surveys",﻿Wang et al.,2022,https://doi.org/10.2139/ssrn.4082044,CHN,2D,Not specified,No,Not specified,Not specified,Not specified,Yes,RMS,"3.59, 3.59",Not specified,No,No,
"Mudboil and ice-wedge dynamics investigated by electrical resistivity tomography, ground temperatures and surface movements in Svalbard",﻿Watanabe et al.,2012,https://doi.org/10.1111/j.1468-0459.2012.00470.x,NOR,2D,Wenner-A,No,﻿RES2DINV,"L1 data, unknown model",Not specified,Yes,Absolute error,"3.0, 2.6, 3.0, 3.2, 3.2, 3.1, 1.9, 1.9, 1.9, 2.0, 3.3, 3.3, 4.6, 5.3, 11.6, 1.9, 2.5, 2.3, 2.1, 3.8",Not specified,No,Yes,
"﻿Permafrost investigations below the marine limit At Nain, Nunatsiavut, Canada",﻿Way et al.,2021,https://doi.org/10.1061/9780784483589.004,CAN,2D,Wenner-A,No,RES2DINV,L1,Convergence of data misfit (<1% change) or 5 iterations,No,n/a,n/a,Not specified,No,No,
Investigations of discontinuous permafrost in coastal Labrador with DC electrical resistivity tomography,﻿Way and Lewkowicz,2015,https://www.researchgate.net/profile/Robert-Way/publication/287996804_Investigations_of_discontinuous_permafrost_in_coastal_Labrador_with_DC_electrical_resistivity_tomography/links/567c197908ae19758384b3ca/Investigations-of-discontinuous-permafrost-in-coastal-Labrador-with-DC-electrical-resistivity-tomography.pdf,CAN,2D,Wenner-A,No,﻿RES2DINV,L1,Convergence of data misfit (<1% change),Yes,Absolute error,"4.9, 4.3, 5.8, 3.5, 4.4, 3.5",Not specified,No,No,
"Characteristics and fate of isolated permafrost patches in coastal Labrador, Canada",﻿Way et al.,2018,﻿https://doi.org/10.5194/tc-12-2667-2018,CAN,2D,Wenner-A,No,﻿RES2DINV,L1,Convergence of data misfit (<5% change) or 5 iterations,Yes,Absolute error,"3.5, 3.1, 3.4, 3.8, 4.9, 3.2, 3.2, 3.6, 3.9",Not specified,No,No,
"﻿Lithalsa distribution, morphology and landscape associations in the Great Slave Lowland, Northwest Territories, Canada",﻿Wolfe et al.,2014,https://doi.org/10.1016/j.geomorph.2013.08.014,CAN,2D,"Dipole-dipole (see Oldenborger, 2012; Oldenborger et al., 2012)","Yes (see Oldenborger, 2012; Oldenborger et al., 2012)","RES2DINV (see Oldenborger, 2012; Oldenborger et al., 2012)","L2 data, L2 model (see Oldenborger (2012))",Not specified,No,n/a,n/a,"DOI (see Oldenborger, 2012; Oldenborger et al., 2012)",No,No,
"﻿Time-lapse A-ERT data analysis of the active layer monitoring at Crater Lake, Deception Island, Antarctica",﻿Yaghobi-tabar et al.,2018,https://www.researchgate.net/profile/Borhan-Yaghoobi/publication/338701524_Time-Lapse_A-ERT_data_Analysis_of_the_active_layer_monitoring_at_Crater_Lake_Deception_Island_Antarctica/links/5e25fb5992851c89c9b59b30/Time-Lapse-A-ERT-data-Analysis-of-the-active-layer-monitoring-at-Crater-Lake-Deception-Island-Antarctica.pdf,ATA,2D,Wenner-A,No,﻿RES2DINV,Not specified,Not specified,No,n/a,n/a,Not specified,No,Yes,
﻿Comparison of geophysical investigations for detection of massive ground ice (pingo ice),﻿Yoshikawa et al.,2006,https://doi.org/10.1029/2005JE002573,USA,2D,Wenner-A,No,﻿RES2DINV,Not specified,Not specified,No,n/a,n/a,Not specified,No,No,
﻿Current thermal state of permafrost in the southern Peruvian Andes and potential impact from El Niño–Southern Oscillation (ENSO),﻿Yoshikawa et al.,2020,https://doi.org/10.1002/ppp.2064,PER,2D,Wenner-A,No,﻿RES2DINV,L2,Not specified,Yes,RMS,"6.3, 35.5",Not specified,No,No,
Causes of pile foundation failure in permafrost regions: The case study of a dry bridge of the Qinghai-Tibet Railway,﻿You et al.,2017,https://doi.org/10.1016/j.enggeo.2017.10.004,CHN,2D,Wenner-Schlumberger,No,﻿RES2DINV,L2,Not specified,No,n/a,n/a,Not specified,No,No,
﻿Investigation of an icing near a tower foundation along the Qinghai–Tibet Power Transmission Line,﻿You et al.,2016,https://doi.org/10.1016/j.coldregions.2015.05.005,CHN,2D,Wenner-Schlumberger,No,﻿EarthImager 2D,L2,Data fit achieved (<5% error),Yes,Not specified for each profile (<5% rms error),n/a,Not specified,No,No,
Geophysical imaging of permafrost and talik configuration beneath a thermokarst lake,﻿You et al.,2017,https://doi.org/10.1002/ppp.1938,CHN,2D,Wenner-Schlumberger,No,﻿RES2DINV,L2,Not specified,Yes,RMS,"3.8, 4.7",DOI and model resolution matrix,No,No,
Application of electrical resistivity tomography in investigating depth of permafrost base and permafrost structure in Tibetan Plateau,﻿You et al.,2013,https://doi.org/10.1016/j.coldregions.2012.11.004,CHN,2D,Wenner-Schlumberger,No,﻿EarthImager 2D,L2,Not specified,Yes,RMS,4.21,Not specified,No,No,
Thermal effects of lateral supra-permafrost water flow around a thermokarst lake on the Qinghai–Tibet Plateau,﻿You et al.,2017,https://doi.org/10.1002/hyp.11193,CHN,2D,Dipole-dipole,No,﻿RES2DINV,L2,Not specified,Yes,RMS,"2.7, 1.9, 2.1",Not specified,No,No,
"﻿Cyanides, arsenic, and noble metals in abandoned gold ore cyanidation tailings and surface waters in a permafrost region (Transbaikal Territory, Russia)",﻿Yurkevich et al.,2021,﻿https://doi.org/10.1007/s10230-021-00828-5,RUS,2D,﻿Schlumberger,No,"﻿RES2DINV, RES3DINV",Not specified,Not specified,No,n/a,n/a,Not specified,No,No,
"﻿Field investigation on thermal regime of permafrost and talik in a river terrace, the interior of Qinghai-Tibet Plateau",﻿Zhang et al.,2022,https://doi.org/10.1155/2022/1160531,CHN,2D,Wenner-Schlumberger,No,Not specified,Not specified,Not specified,Yes,Absolute error,4.9,Not specified,No,No,
"﻿Viscous creep of ice-rich permafrost debris in a recently uncovered proglacial area in the Tianshan Mountains, China",﻿Zhou et al.,2022,https://doi.org/10.1016/j.accre.2022.05.005,CHN,2D,Wenner-Schlumberger,No,﻿RES2DINV,Not specified,Not specified,Yes,RMS,"6.8, 5.8, 5.8, 6.3",Not specified,No,No,